{
    "instance_0_ground_0": {
        "min": [
            -12.232281684875488,
            -6.991175651550293,
            -0.050000932067632675
        ],
        "max": [
            12.232281684875488,
            6.991175651550293,
            0.050000932067632675
        ],
        "length": [
            24.464563369750977,
            13.982351303100586,
            0.10000186413526535
        ],
        "theta": 0.0
    },
    "instance_10_bottle_0": {
        "min": [
            -3.045706033706665,
            -0.011156383901834488,
            0.0
        ],
        "max": [
            -2.762547254562378,
            0.28583618998527527,
            0.06501844525337219
        ],
        "length": [
            0.23158560693264008,
            0.2003062665462494,
            0.06501847505569458
        ],
        "theta": 2.0381276607513428
    },
    "instance_11_screwdriver_0": {
        "min": [
            2.7573132514953613,
            -0.9252788424491882,
            1.862645149230957e-09
        ],
        "max": [
            2.9575085639953613,
            -0.638801634311676,
            0.036434441804885864
        ],
        "length": [
            0.31618303060531616,
            0.036434441804885864,
            0.03643444553017616
        ],
        "theta": 2.1363375186920166
    },
    "instance_12_screwdriver_1": {
        "min": [
            2.459183931350708,
            -2.0009028911590576,
            -1.0244548320770264e-08
        ],
        "max": [
            2.685908555984497,
            -1.774991512298584,
            0.026288460940122604
        ],
        "length": [
            0.24352610111236572,
            0.07653776556253433,
            0.026288483291864395
        ],
        "theta": 0.7819549441337585
    },
    "instance_13_metal_barrel_0": {
        "min": [
            -2.9334285259246826,
            -1.9240964651107788,
            2.9802322387695312e-08
        ],
        "max": [
            -2.203632116317749,
            -1.1955093145370483,
            0.883000373840332
        ],
        "length": [
            0.6342581510543823,
            0.6327863931655884,
            0.8830004334449768
        ],
        "theta": 0.16541555523872375
    },
    "instance_14_bottle_1": {
        "min": [
            -1.0889335870742798,
            1.1117522716522217,
            0.0
        ],
        "max": [
            -0.9597629904747009,
            1.3532195091247559,
            0.0851341187953949
        ],
        "length": [
            0.22946017980575562,
            0.07943345606327057,
            0.08513413369655609
        ],
        "theta": 1.7984460592269897
    },
    "instance_15_metal_profiles_0": {
        "min": [
            -1.80777108669281,
            -0.10516378283500671,
            0.0
        ],
        "max": [
            1.722483515739441,
            2.3406553268432617,
            0.6608859300613403
        ],
        "length": [
            3.5072898864746094,
            0.9166737794876099,
            0.6608861088752747
        ],
        "theta": 0.48490020632743835
    },
    "instance_1_toolbox_0": {
        "min": [
            1.3164573907852173,
            -0.8867670297622681,
            0.0
        ],
        "max": [
            2.0763070583343506,
            -0.5181647539138794,
            0.3436598777770996
        ],
        "length": [
            0.7283786535263062,
            0.25539642572402954,
            0.343659907579422
        ],
        "theta": -2.9809675216674805
    },
    "instance_2_ladder_0": {
        "min": [
            1.2381280660629272,
            -2.6363308429718018,
            0.0
        ],
        "max": [
            2.469287395477295,
            -1.9770352840423584,
            1.7223925590515137
        ],
        "length": [
            1.2311592102050781,
            0.6592955589294434,
            1.7223926782608032
        ],
        "theta": -3.141592502593994
    },
    "instance_3_toolbox_1": {
        "min": [
            -2.8203847408294678,
            0.035235725343227386,
            0.0
        ],
        "max": [
            -2.5342252254486084,
            0.19764456152915955,
            0.09159118682146072
        ],
        "length": [
            0.2711886167526245,
            0.12544825673103333,
            0.09159120917320251
        ],
        "theta": -3.000215768814087
    },
    "instance_4_wall_0": {
        "min": [
            -4.011597156524658,
            -2.6363303661346436,
            0.0
        ],
        "max": [
            3.988403797149658,
            -2.4363291263580322,
            2.000002145767212
        ],
        "length": [
            8.000000953674316,
            0.20000138878822327,
            2.000002145767212
        ],
        "theta": 6.616301829461902e-15
    },
    "instance_5_sign_0": {
        "min": [
            3.9786527156829834,
            -2.5521576404571533,
            1.477617621421814
        ],
        "max": [
            3.9884040355682373,
            -2.1744773387908936,
            1.7474607229232788
        ],
        "length": [
            0.37768030166625977,
            0.009751363657414913,
            0.26984310150146484
        ],
        "theta": -1.5707963705062866
    },
    "instance_6_toolbox_2": {
        "min": [
            -0.007353757508099079,
            -0.7605498433113098,
            1.0053422451019287
        ],
        "max": [
            1.2884949445724487,
            0.6417399644851685,
            2.1476428508758545
        ],
        "length": [
            0.9980542063713074,
            0.9980545043945312,
            0.9998309016227722
        ],
        "theta": -1.1906698942184448
    },
    "instance_7_tarp_covered_object_0": {
        "min": [
            -1.37144935131073,
            -2.245244026184082,
            0.0
        ],
        "max": [
            1.1399776935577393,
            0.9752829074859619,
            1.0053422451019287
        ],
        "length": [
            2.844416618347168,
            1.8516327142715454,
            1.0053426027297974
        ],
        "theta": 1.3148423433303833
    },
    "instance_8_wooden_crate_0": {
        "min": [
            -1.9382253885269165,
            -2.6363308429718018,
            0.0
        ],
        "max": [
            -0.6988058686256409,
            -1.3682001829147339,
            1.0124585628509521
        ],
        "length": [
            1.2394193410873413,
            1.2681305408477783,
            1.0124588012695312
        ],
        "theta": -3.141592502593994
    },
    "instance_9_toolbox_3": {
        "min": [
            -0.6300899386405945,
            1.733137607574463,
            -3.725290298461914e-09
        ],
        "max": [
            -0.4247141480445862,
            2.0301718711853027,
            0.09159117937088013
        ],
        "length": [
            0.2711886167526245,
            0.12544825673103333,
            0.09159120917320251
        ],
        "theta": -1.8953436613082886
    },
    "room": {
        "min": [
            -4.011597156524658,
            -2.6363306045532227,
            -0.639752984046936
        ],
        "max": [
            3.9884040355682373,
            2.4147307872772217,
            2.266990900039673
        ]
    }
}