{
    "instance_10_bottle_0": {
        "x": -2.942113836222692,
        "y": 0.13277342543708776
    },
    "instance_11_screwdriver_0": {
        "x": 2.8575657791527997,
        "y": -0.7825532600376273
    },
    "instance_12_screwdriver_1": {
        "x": 2.572254618942985,
        "y": -1.8882788551686327
    },
    "instance_13_metal_barrel_0": {
        "x": -2.568663921800586,
        "y": -1.559960876524585
    },
    "instance_14_bottle_1": {
        "x": -1.1252202796905888,
        "y": 1.4494649473611967
    },
    "instance_15_metal_profiles_0": {
        "x": -0.145834462496058,
        "y": 1.3118788305194276
    },
    "instance_1_toolbox_0": {
        "x": 1.7510062224129128,
        "y": -0.7180856509697273
    },
    "instance_2_ladder_0": {
        "x": 1.8536029553012234,
        "y": -2.306974804464088
    },
    "instance_3_toolbox_1": {
        "x": -2.669238112434123,
        "y": 0.11412309172631581
    },
    "instance_4_wall_0": {
        "x": -0.01906724503331244,
        "y": -2.736715249590768
    },
    "instance_5_sign_0": {
        "x": 3.9839116349265407,
        "y": -2.362860508871486
    },
    "instance_6_toolbox_2": {
        "x": 0.6410735947416022,
        "y": -0.05903985301994161
    },
    "instance_7_tarp_covered_object_0": {
        "x": 0.36897730227965087,
        "y": -0.8242653114020054
    },
    "instance_8_wooden_crate_0": {
        "x": -1.50561255661728,
        "y": -1.9961178453192354
    },
    "instance_9_toolbox_3": {
        "x": -0.5268906828495395,
        "y": 1.8814316275207525
    }
}