{
    "reference_obj": "instance_0_ground_0",
    "final_pose_relative_to_reference_obj": {
        "instance_0_ground_0": [
            [
                1.0,
                0.0,
                0.0,
                0.0
            ],
            [
                0.0,
                1.0,
                0.0,
                0.0
            ],
            [
                0.0,
                0.0,
                1.0,
                0.0
            ],
            [
                0.0,
                0.0,
                0.0,
                1.0
            ]
        ],
        "instance_10_bottle_0": [
            [
                -0.4505053758621216,
                -0.8927736878395081,
                0.0,
                -2.9041266441345215
            ],
            [
                0.8927736878395081,
                -0.4505053758621216,
                0.0,
                0.13733990490436554
            ],
            [
                0.0,
                0.0,
                1.0,
                0.032509222626686096
            ],
            [
                0.0,
                0.0,
                0.0,
                1.0
            ]
        ],
        "instance_11_screwdriver_0": [
            [
                -0.5358728170394897,
                -0.8442987203598022,
                0.0,
                2.8574109077453613
            ],
            [
                0.8442987203598022,
                -0.5358728170394897,
                0.0,
                -0.7820402383804321
            ],
            [
                0.0,
                0.0,
                1.0,
                0.018217220902442932
            ],
            [
                0.0,
                0.0,
                0.0,
                1.0
            ]
        ],
        "instance_12_screwdriver_1": [
            [
                0.7095373272895813,
                -0.704667866230011,
                0.0,
                2.5725462436676025
            ],
            [
                0.704667866230011,
                0.7095373272895813,
                0.0,
                -1.8879472017288208
            ],
            [
                0.0,
                0.0,
                1.0,
                0.013144224882125854
            ],
            [
                0.0,
                0.0,
                0.0,
                1.0
            ]
        ],
        "instance_13_metal_barrel_0": [
            [
                0.9863499999046326,
                -0.1646622121334076,
                0.0,
                -2.568530321121216
            ],
            [
                0.1646622121334076,
                0.9863499999046326,
                0.0,
                -1.5598028898239136
            ],
            [
                0.0,
                0.0,
                1.0,
                0.441500186920166
            ],
            [
                0.0,
                0.0,
                0.0,
                1.0
            ]
        ],
        "instance_14_bottle_1": [
            [
                -0.22568851709365845,
                -0.9741995334625244,
                0.0,
                -1.024348258972168
            ],
            [
                0.9741995334625244,
                -0.22568851709365845,
                0.0,
                1.2324858903884888
            ],
            [
                0.0,
                0.0,
                1.0,
                0.04256705939769745
            ],
            [
                0.0,
                0.0,
                0.0,
                1.0
            ]
        ],
        "instance_15_metal_profiles_0": [
            [
                0.8847215175628662,
                -0.46612000465393066,
                0.0,
                -0.04264375939965248
            ],
            [
                0.46612000465393066,
                0.8847215175628662,
                0.0,
                1.1177457571029663
            ],
            [
                0.0,
                0.0,
                1.0,
                0.33044296503067017
            ],
            [
                0.0,
                0.0,
                0.0,
                1.0
            ]
        ],
        "instance_1_toolbox_0": [
            [
                -0.9871274828910828,
                0.15993532538414001,
                0.0,
                1.6963821649551392
            ],
            [
                -0.15993532538414001,
                -0.9871274828910828,
                0.0,
                -0.7024658918380737
            ],
            [
                0.0,
                0.0,
                1.0,
                0.1718299388885498
            ],
            [
                0.0,
                0.0,
                0.0,
                1.0
            ]
        ],
        "instance_2_ladder_0": [
            [
                -1.0,
                8.742277657347586e-08,
                0.0,
                1.8537076711654663
            ],
            [
                -8.742277657347586e-08,
                -1.0,
                0.0,
                -2.30668306350708
            ],
            [
                0.0,
                0.0,
                1.0,
                0.8611962795257568
            ],
            [
                0.0,
                0.0,
                0.0,
                1.0
            ]
        ],
        "instance_3_toolbox_1": [
            [
                -0.9900228977203369,
                0.14090639352798462,
                0.0,
                -2.677304983139038
            ],
            [
                -0.14090639352798462,
                -0.9900228977203369,
                0.0,
                0.11644014716148376
            ],
            [
                0.0,
                0.0,
                1.0,
                0.04579559341073036
            ],
            [
                0.0,
                0.0,
                0.0,
                1.0
            ]
        ],
        "instance_4_wall_0": [
            [
                1.0,
                -6.616301829461902e-15,
                0.0,
                -0.011596618220210075
            ],
            [
                6.616301829461902e-15,
                1.0,
                0.0,
                -2.536329746246338
            ],
            [
                0.0,
                0.0,
                1.0,
                1.000001072883606
            ],
            [
                0.0,
                0.0,
                0.0,
                1.0
            ]
        ],
        "instance_5_sign_0": [
            [
                -4.371138828673793e-08,
                1.0,
                0.0,
                3.9835283756256104
            ],
            [
                -1.0,
                -4.371138828673793e-08,
                0.0,
                -2.3633174896240234
            ],
            [
                0.0,
                0.0,
                1.0,
                1.6125391721725464
            ],
            [
                0.0,
                0.0,
                0.0,
                1.0
            ]
        ],
        "instance_6_toolbox_2": [
            [
                0.36890968680381775,
                0.9294652342796326,
                3.531057046757269e-08,
                0.6405705809593201
            ],
            [
                -0.9232913255691528,
                0.3664592206478119,
                0.11506832391023636,
                -0.059404950588941574
            ],
            [
                0.1069519966840744,
                -0.04244985058903694,
                0.9933575987815857,
                1.5764925479888916
            ],
            [
                0.0,
                0.0,
                0.0,
                1.0
            ]
        ],