{
    "reference_obj": "instance_0_ground_0",
    "final_pose_relative_to_reference_obj": {
        "instance_10_bottle_0": [
            [
                -0.3771429657936096,
                -0.9261550307273865,
                -1.279018562172496e-07,
                -2.9041266441345215
            ],
            [
                0.7473902702331543,
                -0.30434760451316833,
                0.5905762910842896,
                0.13733990490436554
            ],
            [
                -0.5469652414321899,
                0.2227315902709961,
                0.8069819808006287,
                0.06097254902124405
            ],
            [
                0.0,
                0.0,
                0.0,
                1.0
            ]
        ],
        "instance_11_screwdriver_0": [
            [
                -0.5051432847976685,
                -0.8630354404449463,
                -2.0327806282693928e-07,
                2.8574109077453613
            ],
            [
                0.7958824634552002,
                -0.46583813428878784,
                0.3867371678352356,
                -0.7820402383804321
            ],
            [
                -0.33376801013946533,
                0.195357546210289,
                0.9221898317337036,
                0.11850573122501373
            ],
            [
                0.0,
                0.0,
                0.0,
                1.0
            ]
        ],
        "instance_12_screwdriver_1": [
            [
                0.6850416660308838,
                -0.7285038828849792,
                -6.843649913435002e-08,
                2.5725462436676025
            ],
            [
                0.6803402304649353,
                0.6397514939308167,
                0.35756832361221313,
                -1.8879472017288208
            ],
            [
                -0.2604897916316986,
                -0.24494923651218414,
                0.9338871240615845,
                0.2648042142391205
            ],
            [
                0.0,
                0.0,
                0.0,
                1.0
            ]
        ],
        "instance_13_metal_barrel_0": [
            [
                0.9857048988342285,
                -0.16848094761371613,
                -2.1509029579647176e-07,
                -2.568530321121216
            ],
            [
                0.16455452144145966,
                0.9627328515052795,
                0.2146328091621399,
                -1.5598028898239136
            ],
            [
                -0.036161333322525024,
                -0.21156466007232666,
                0.9766948223114014,
                0.6469824314117432
            ],
            [
                0.0,
                0.0,
                0.0,
                1.0
            ]
        ],
        "instance_14_bottle_1": [
            [
                -0.21533742547035217,
                -0.9765397310256958,
                -3.0986018373369006e-07,
                -1.024348258972168
            ],
            [
                0.9295188188552856,
                -0.20496892929077148,
                0.3065655827522278,
                1.2324858903884888
            ],
            [
                -0.2993735373020172,
                0.06601475924253464,
                0.9518494606018066,
                -0.10796792805194855
            ],
            [
                0.0,
                0.0,
                0.0,
                1.0
            ]
        ],
        "instance_15_metal_profiles_0": [
            [
                0.8683983683586121,
                -0.49586716294288635,
                4.343134563100648e-08,
                -0.04264375939965248
            ],
            [
                0.4575200080871582,
                0.8012421131134033,
                0.3855988681316376,
                1.1177457571029663
            ],
            [
                -0.19120585918426514,
                -0.3348534405231476,
                0.9226664304733276,
                0.15391859412193298
            ],
            [
                0.0,
                0.0,
                0.0,
                1.0
            ]
        ],
        "instance_1_toolbox_0": [
            [
                -0.9864971041679382,
                0.16377851366996765,
                -7.471911089851346e-08,
                1.6963821649551392
            ],
            [
                -0.1598331779241562,
                -0.9627329111099243,
                0.218171164393425,
                -0.7024658918380737
            ],
            [
                0.03573167324066162,
                0.2152252346277237,
                0.9759105443954468,
                0.2648221552371979
            ],
            [
                0.0,
                0.0,
                0.0,
                1.0
            ]
        ],
        "instance_2_ladder_0": [
            [
                0.23514866828918457,
                -0.9719594120979309,
                -3.4172271057286707e-07,
                1.8537076711654663
            ],
            [
                0.8985627293586731,
                0.2173914760351181,
                0.38121646642684937,
                -1.4385199546813965
            ],
            [
                -0.37052688002586365,
                -0.08964285254478455,
                0.9244858026504517,
                1.0669093132019043
            ],
            [
                0.0,
                0.0,
                0.0,
                1.0
            ]
        ],
        "instance_3_toolbox_1": [
            [
                -0.987019419670105,
                0.16060090065002441,
                9.622197261194287e-09,
                -2.677304983139038
            ],
            [
                -0.1404789239168167,
                -0.863353967666626,
                0.48465001583099365,
                0.11644014716148376
            ],
            [
                0.07783523947000504,
                0.4783589541912079,
                0.8747081756591797,
                0.05116527900099754
            ],
            [
                0.0,
                0.0,
                0.0,
                1.0
            ]
        ],
        "instance_4_wall_0": [
            [
                1.0,
                3.080545326748958e-14,
                -1.1920927533992653e-07,
                -0.011596618220210075
            ],
            [
                6.616301829461902e-15,
                1.0,
                3.1391647326017846e-07,
                -2.536329746246338
            ],
            [
                1.1920927533992653e-07,
                -3.1391647326017846e-07,
                1.0,
                1.2669893503189087
            ],
            [
                0.0,
                0.0,
                0.0,
                1.0
            ]
        ],
        "instance_5_sign_0": [
            [
                -1.0,
                -1.5099583094979607e-07,
                -1.509957741063772e-07,
                -1.7880136966705322
            ],
            [
                1.5099580252808664e-07,
                -1.0,
                2.2649373931926675e-07,
                -2.3633174896240234
            ],
            [
                -1.5099580252808664e-07,
                2.2649371089755732e-07,
                1.0,
                1.6125391721725464
            ],
            [
                0.0,
                0.0,
                0.0,
                1.0
            ]
        ],