{
    "backrest_chair_0": {
        "x": -2.136654555797577,
        "y": -1.3083827495574951
    },
    "beverage_bottle_0": {
        "x": -0.29249807447195053,
        "y": -1.407839059829712
    },
    "book_0": {
        "x": 0.38911659262602283,
        "y": -1.3236160354479654
    },
    "book_1": {
        "x": -0.5276311634386532,
        "y": -1.2684255838394165
    },
    "book_2": {
        "x": 0.3743372857570648,
        "y": -1.320253849029541
    },
    "book_3": {
        "x": 0.4500187001726267,
        "y": -1.245909110042354
    },
    "book_4": {
        "x": 0.3132821023464203,
        "y": -1.2184001207351685
    },
    "carpet_0": {
        "x": -0.06411933898925781,
        "y": -0.8134128451347351
    },
    "ceiling_chandelier_0": {
        "x": 0.02247309684753418,
        "y": -0.6488798260688782
    },
    "coffee_table_0": {
        "x": -0.07125869393348694,
        "y": -1.2463720738887787
    },
    "cushion_0": {
        "x": 2.6033499240875244,
        "y": -0.2425541551783681
    },
    "desktop_ornament_0": {
        "x": 1.2203706051108871,
        "y": 2.48488698792419
    },
    "floor-length_curtains_0": {
        "x": 2.788656711578362,
        "y": 0.8805674306381484
    },
    "floor_lamp_0": {
        "x": -2.8156280517578147,
        "y": -1.588021644300338
    },
    "flower_pot_0": {
        "x": -0.012109536677598953,
        "y": -1.184710294008255
    },
    "flower_pot_1": {
        "x": -1.3295722583095009,
        "y": 2.4158489435174393
    },
    "kettle_0": {
        "x": 2.402899980545044,
        "y": 2.45206880569458
    },
    "lcd_tv_0": {
        "x": -0.17416223883628845,
        "y": 2.41400408744812
    },
    "single_sofa_0": {
        "x": 2.516202926635744,
        "y": -0.15664909387202908
    },
    "small_desktop_storage_box_0": {
        "x": -3.3773338794708208,
        "y": 2.069453673255673
    },
    "small_kitchen_storage_jar_0": {
        "x": 1.9214977025985718,
        "y": 2.5357320308685303
    },
    "tall_storage_cabinet_0": {
        "x": 2.1568116545677185,
        "y": 2.2398176193237305
    },
    "tall_storage_cabinet_1": {
        "x": -2.8040084838867188,
        "y": 2.419130325317383
    },
    "tv_cabinet_0": {
        "x": -0.09753555059432983,
        "y": 2.2494330406188965
    },
    "vase_0": {
        "x": -2.3735275268554688,
        "y": 2.4940083026885986
    },
    "vase_1": {
        "x": -3.0019829273223877,
        "y": 2.500609874725342
    },
    "vase_2": {
        "x": 0.9000309705734253,
        "y": 2.4620556831359863
    },
    "vase_3": {
        "x": -2.4644203186035156,
        "y": 2.497791051864624
    },
    "vase_4": {
        "x": -0.26160331815481186,
        "y": -1.1751478834286826
    },
    "vase_5": {
        "x": 1.8124998098190903,
        "y": 2.4963098924251153
    },
    "vase_6": {
        "x": 2.942460985790256,
        "y": 2.21172445927293
    },
    "wall_frame_0": {
        "x": -1.1501629650592804,
        "y": 2.5361907482147217
    },
    "wall_frame_1": {
        "x": -0.05728738382458687,
        "y": 2.5567665100097656
    },
    "wall_frame_10": {
        "x": 2.4068026542663574,
        "y": 2.557675838470459
    },
    "wall_frame_11": {
        "x": -0.5994614362716675,
        "y": 2.55727481842041
    },
    "wall_frame_12": {
        "x": 0.48744432628154755,
        "y": 2.556760549545288
    },
    "wall_frame_2": {
        "x": 2.9762251377105633,
        "y": -0.0786563781840269
    },
    "wall_frame_3": {
        "x": -3.4062147140502956,
        "y": 0.9183273871587326
    },
    "wall_frame_4": {
        "x": -3.378916025161745,
        "y": 0.14712366692533804
    },
    "wall_frame_5": {
        "x": 1.660825262212307,
        "y": 2.54582214355396
    },
    "wall_frame_6": {
        "x": -3.37903952598572,
        "y": -0.6575589262903888
    },
    "wall_frame_7": {
        "x": 2.033463901773791,
        "y": 2.553955078124515
    },
    "wall_frame_8": {
        "x": 1.0306434631347656,
        "y": 2.556743621826172
    },
    "wall_frame_9": {
        "x": -1.7072100639343262,
        "y": 2.542973279953003
    }
}