{
    "backrest_chair_0": {
        "x": -2.1314783513885303,
        "y": -0.8704641950270164
    },
    "beverage_bottle_0": {
        "x": -0.4087549160311579,
        "y": -1.154363870962571
    },
    "book_0": {
        "x": 0.40295098064958285,
        "y": -1.318079692598319
    },
    "book_1": {
        "x": -0.5569506270106429,
        "y": -1.38679585896524
    },
    "book_2": {
        "x": 0.3736249680520102,
        "y": -1.3218056836762144
    },
    "book_3": {
        "x": 0.45975370040220753,
        "y": -1.2095032748299666
    },
    "book_4": {
        "x": 0.31251501250777025,
        "y": -1.2178859073603077
    },
    "carpet_0": {
        "x": -0.061874840524260004,
        "y": -0.8108698797245447
    },
    "ceiling_chandelier_0": {
        "x": 0.020356233833723317,
        "y": -0.6495445222870597
    },
    "coffee_table_0": {
        "x": -0.07223821488407683,
        "y": -1.2444872724559195
    },
    "cushion_0": {
        "x": 2.602584035422642,
        "y": -0.24233111609880828
    },
    "desktop_ornament_0": {
        "x": 1.2269625680254401,
        "y": 2.484885692337137
    },
    "floor-length_curtains_0": {
        "x": 2.7886567115783683,
        "y": 0.8806626185298607
    },
    "floor_lamp_0": {
        "x": -2.8156280517578005,
        "y": -2.1346334932213114
    },
    "flower_pot_0": {
        "x": 0.03465264130789502,
        "y": -1.196867719570867
    },
    "flower_pot_1": {
        "x": -1.3494737319068024,
        "y": 2.4158494473442587
    },
    "kettle_0": {
        "x": 2.402772917842035,
        "y": 2.45206880569453
    },
    "lcd_tv_0": {
        "x": -0.17396758846978924,
        "y": 2.414004087448197
    },
    "single_sofa_0": {
        "x": 2.5162029266357426,
        "y": -0.1566606032816439
    },
    "small_desktop_storage_box_0": {
        "x": -3.3773338794708248,
        "y": 2.0694363545516814
    },
    "small_kitchen_storage_jar_0": {
        "x": 1.9219367671358933,
        "y": 2.5357320308687057
    },
    "tall_storage_cabinet_0": {
        "x": 2.1567350680538326,
        "y": 2.2398176193237
    },
    "tall_storage_cabinet_1": {
        "x": -2.8040946870700894,
        "y": 2.4191303253173477
    },
    "tv_cabinet_0": {
        "x": -0.09779474428680451,
        "y": 2.2494330406187917
    },
    "vase_0": {
        "x": -2.3732563897514387,
        "y": 2.4940083026887065
    },
    "vase_1": {
        "x": -3.001979585893139,
        "y": 2.500609874725342
    },
    "vase_2": {
        "x": 0.9002578229869699,
        "y": 2.4620556831360756
    },
    "vase_3": {
        "x": -2.464073877002337,
        "y": 2.4977910518647626
    },
    "vase_4": {
        "x": -0.2564748240318285,
        "y": -1.1265003984450752
    },
    "vase_5": {
        "x": 1.7775747299660183,
        "y": 2.49631118799209
    },
    "vase_6": {
        "x": 2.9424610137939595,
        "y": 2.238259379509788
    },
    "wall_frame_0": {
        "x": -1.1497969364183185,
        "y": 2.5361907482148682
    },
    "wall_frame_1": {
        "x": -0.05674983798844539,
        "y": 2.556766510009982
    },
    "wall_frame_10": {
        "x": 2.513530207422017,
        "y": 2.5576758385132026
    },
    "wall_frame_11": {
        "x": -0.5994970075156797,
        "y": 2.5572748184203955
    },
    "wall_frame_12": {
        "x": 0.48789261476239415,
        "y": 2.556760549545467
    },
    "wall_frame_2": {
        "x": 2.976225137710571,
        "y": -0.07861405479181645
    },
    "wall_frame_3": {
        "x": -3.4062147140502925,
        "y": 0.9183287927538529
    },
    "wall_frame_4": {
        "x": -3.3789160251617427,
        "y": 0.14703435278291901
    },
    "wall_frame_5": {
        "x": 1.6370705284665026,
        "y": 2.545822143545174
    },
    "wall_frame_6": {
        "x": -3.3790395259857173,
        "y": -0.6574524341319424
    },
    "wall_frame_7": {
        "x": 2.115826495140687,
        "y": 2.553955078157985
    },
    "wall_frame_8": {
        "x": 1.0307231539141282,
        "y": 2.5567436218262034
    },
    "wall_frame_9": {
        "x": -1.747423539705408,
        "y": 2.542973279936898
    }
}