{
    "backrest_chair_0": {
        "x": -1.6086171600375538,
        "y": -1.2674166912518081
    },
    "beverage_bottle_0": {
        "x": -0.2937208388009687,
        "y": -1.4071022169025642
    },
    "book_0": {
        "x": 0.4071276867755598,
        "y": -1.3164654404373375
    },
    "book_1": {
        "x": -0.5577816357399284,
        "y": -1.2798096788035247
    },
    "book_2": {
        "x": 0.37117303654063377,
        "y": -1.318784162719125
    },
    "book_3": {
        "x": 0.4605524105933315,
        "y": -1.2069365629667566
    },
    "book_4": {
        "x": 0.311143177882726,
        "y": -1.2194089697404469
    },
    "carpet_0": {
        "x": -0.06729950509976544,
        "y": -0.8121490532692283
    },
    "ceiling_chandelier_0": {
        "x": 0.024335370538689536,
        "y": -0.648033136382499
    },
    "coffee_table_0": {
        "x": -0.07123714236249117,
        "y": -1.245820630336576
    },
    "cushion_0": {
        "x": 2.6852303972770937,
        "y": -0.23951616452357705
    },
    "desktop_ornament_0": {
        "x": 1.2274475648008163,
        "y": 2.617043733337698
    },
    "floor-length_curtains_0": {
        "x": 3.392786264419555,
        "y": 0.880494323343275
    },
    "floor_lamp_0": {
        "x": -2.829554080963134,
        "y": -1.5878447667529354
    },
    "flower_pot_0": {
        "x": -0.02728081843488751,
        "y": -1.3639990201443264
    },
    "flower_pot_1": {
        "x": -1.3493881531178857,
        "y": 2.5480074883446595
    },
    "kettle_0": {
        "x": 3.479999065399183,
        "y": 2.193524379200662
    },
    "lcd_tv_0": {
        "x": -0.17494074947029942,
        "y": 2.546162128448176
    },
    "single_sofa_0": {
        "x": 3.1203324794769274,
        "y": -0.15674978120539548
    },
    "small_desktop_storage_box_0": {
        "x": -3.391259908676148,
        "y": 2.0694768730036235
    },
    "small_kitchen_storage_jar_0": {
        "x": 3.5636613368987975,
        "y": 1.965529774986601
    },
    "tall_storage_cabinet_0": {
        "x": 3.2677474021911617,
        "y": 2.002759178018999
    },
    "tall_storage_cabinet_1": {
        "x": -3.2841851711273193,
        "y": 2.136437443134256
    },
    "tv_cabinet_0": {
        "x": -0.09752571365857846,
        "y": 2.3815910816192662
    },
    "vase_0": {
        "x": -3.359064102172854,
        "y": 2.0535948175084986
    },
    "vase_1": {
        "x": -3.3656642436981197,
        "y": 2.2069268558952366
    },
    "vase_2": {
        "x": 0.8998008811489523,
        "y": 2.5942137241362597
    },
    "vase_3": {
        "x": -3.3628466129302987,
        "y": 2.1270598145414374
    },
    "vase_4": {
        "x": -0.19815238134068758,
        "y": -1.0615878488679746
    },
    "vase_5": {
        "x": 3.5242388248443497,
        "y": 1.8710077430677166
    },
    "vase_6": {
        "x": 3.5465903282165523,
        "y": 2.037080826581613
    },
    "wall_frame_0": {
        "x": -1.138933015298169,
        "y": 2.668348789219585
    },
    "wall_frame_1": {
        "x": -0.057636782841197866,
        "y": 2.6889243125914124
    },
    "wall_frame_10": {
        "x": 2.4915395002608003,
        "y": 2.6898338795047616
    },
    "wall_frame_11": {
        "x": -0.5994791397121038,
        "y": 2.6894328594207684
    },
    "wall_frame_12": {
        "x": 0.4877990822871968,
        "y": 2.688918590545796
    },
    "wall_frame_2": {
        "x": 3.5803546905517583,
        "y": -0.07877254569316139
    },
    "wall_frame_3": {
        "x": -3.4201407432556152,
        "y": 0.9190461959604009
    },
    "wall_frame_4": {
        "x": -3.3928420543670668,
        "y": 0.14713867543990025
    },
    "wall_frame_5": {
        "x": 1.6150368147962773,
        "y": 2.677980184536716
    },
    "wall_frame_6": {
        "x": -3.39296555519104,
        "y": -0.6577562629682834
    },
    "wall_frame_7": {
        "x": 2.0937964786659684,
        "y": 2.686113119149529
    },
    "wall_frame_8": {
        "x": 1.0310664315043345,
        "y": 2.688901662826708
    },
    "wall_frame_9": {
        "x": -1.7368529346408428,
        "y": 2.6751313209414977
    }
}