{
    "beverage_bottle_0": {
        "x": -2.099355034230592,
        "y": 1.6279271535734676
    },
    "beverage_bottle_1": {
        "x": -2.034230451475549,
        "y": 1.410743274332453
    },
    "beverage_bottle_2": {
        "x": -1.4566002822831638,
        "y": 1.629357578004586
    },
    "beverage_bottle_3": {
        "x": -1.4538914942602035,
        "y": 1.648194882738579
    },
    "beverage_bottle_4": {
        "x": -1.7786383897508315,
        "y": 2.5861961126100934
    },
    "beverage_bottle_5": {
        "x": -1.937666462775151,
        "y": 2.598463037853937
    },
    "beverage_bottle_6": {
        "x": -1.364410733299846,
        "y": 2.4859372311884993
    },
    "book_0": {
        "x": -2.1775895300231545,
        "y": 2.5747000687696726
    },
    "book_1": {
        "x": -1.7122485112278363,
        "y": 2.5243419222720993
    },
    "book_2": {
        "x": -2.115327845910208,
        "y": 2.493879736995782
    },
    "book_3": {
        "x": -1.9545572985500006,
        "y": 2.586204584548879
    },
    "carpet_0": {
        "x": -0.06444002281276186,
        "y": 0.7069641175101576
    },
    "desk_0": {
        "x": -1.7426487971157687,
        "y": 0.6424729994000636
    },
    "desktop_ornament_0": {
        "x": -2.2086835342846696,
        "y": 2.5749909952487657
    },
    "desktop_potted_plant_0": {
        "x": 2.6385493302521996,
        "y": 1.920852327015608
    },
    "desktop_potted_plant_1": {
        "x": -2.103203501087618,
        "y": 0.9970841317509914
    },
    "double_bed_0": {
        "x": 1.7392623416479143,
        "y": 0.607705582376561
    },
    "flower_pot_0": {
        "x": -2.0102231794895626,
        "y": 2.540506172144985
    },
    "flower_pot_1": {
        "x": 2.358289270060505,
        "y": 1.8873424286330704
    },
    "guitar_0": {
        "x": 2.4489334005505707,
        "y": -0.7041684720407054
    },
    "lamp_0": {
        "x": 2.647442649628124,
        "y": 1.776757556447054
    },
    "lcd_tv_0": {
        "x": -2.16743319579722,
        "y": 0.35078915872882055
    },
    "nightstands_0": {
        "x": 2.4894613914656016,
        "y": 1.9151296016107113
    },
    "nightstands_1": {
        "x": -0.7136514573635752,
        "y": 2.356312569224667
    },
    "stool_0": {
        "x": -0.9722293811955702,
        "y": 0.25160291481092095
    },
    "tall_bookshelf_0": {
        "x": -1.8330559878113015,
        "y": 2.5669961587636054
    },
    "vent_components_0": {
        "x": -1.5952142937795413,
        "y": 2.6858225586400555
    },
    "wall-mounted_air_conditioner_indoor_unit_0": {
        "x": -1.3477142992099478,
        "y": 2.458510015866896
    },
    "wall_frame_0": {
        "x": 0.02615084524710897,
        "y": 2.7251427890224043
    }
}