{
    "instance_18_coffee_table_0": {
        "min": [
            -0.599841296672821,
            -0.5998413562774658,
            0.02655649185180664
        ],
        "max": [
            0.599841296672821,
            0.5998413562774658,
            0.7665568590164185
        ],
        "length": [
            1.199682593345642,
            1.1996827125549316,
            0.7400003671646118
        ],
        "theta": 0.0
    },
    "instance_0_white_pillow_0": {
        "min": [
            2.274324417114258,
            -1.178118348121643,
            0.988132119178772
        ],
        "max": [
            2.619093418121338,
            -0.588691234588623,
            1.2057427167892456
        ],
        "length": [
            0.5662486553192139,
            0.16067448258399963,
            0.20897075533866882
        ],
        "theta": -1.9036842584609985
    },
    "instance_10_wall_art_1": {
        "min": [
            -0.8379338383674622,
            -2.1850368976593018,
            0.8664557337760925
        ],
        "max": [
            -0.08586540073156357,
            -2.120818853378296,
            1.8627936840057373
        ],
        "length": [
            0.7520684003829956,
            0.06421829015016556,
            0.9963380098342896
        ],
        "theta": -3.141592502593994
    },
    "instance_11_plant_0": {
        "min": [
            -0.22344796359539032,
            0.12351804971694946,
            0.7665569186210632
        ],
        "max": [
            0.25223508477211,
            0.5079609155654907,
            1.1790040731430054
        ],
        "length": [
            0.36381298303604126,
            0.2855170667171478,
            0.3603200912475586
        ],
        "theta": 2.8654539585113525
    },
    "instance_12_chandelier_0": {
        "min": [
            0.7145189046859741,
            -0.3157009184360504,
            2.290286064147949
        ],
        "max": [
            1.7537704706192017,
            0.6944166421890259,
            2.999279499053955
        ],
        "length": [
            1.0392515659332275,
            1.0101176500320435,
            0.7089938521385193
        ],
        "theta": 0.0
    },
    "instance_13_wall_art_2": {
        "min": [
            3.6819279193878174,
            0.02748379111289978,
            1.4541631937026978
        ],
        "max": [
            3.717095136642456,
            0.7288598418235779,
            1.9907499551773071
        ],
        "length": [
            0.7013760209083557,
            0.03516707196831703,
            0.5365867614746094
        ],
        "theta": -1.5707963705062866
    },
    "instance_14_tv_stand_0": {
        "min": [
            -0.6089762449264526,
            2.2546980381011963,
            0.0
        ],
        "max": [
            1.2017598152160645,
            2.7562482357025146,
            0.6586864590644836
        ],
        "length": [
            1.8107361793518066,
            0.5015504360198975,
            0.6586865186691284
        ],
        "theta": 0.0
    },
    "instance_15_wall_art_3": {
        "min": [
            3.703054666519165,
            -1.1316584348678589,
            1.3953297138214111
        ],
        "max": [
            3.717095136642456,
            -0.6999046802520752,
            2.332453489303589
        ],
        "length": [
            0.4317537248134613,
            0.014040537178516388,
            0.9371236562728882
        ],
        "theta": -1.5707963705062866
    },
    "instance_16_wall_art_4": {
        "min": [
            3.703054666519165,
            -1.6048253774642944,
            1.3965505361557007
        ],
        "max": [
            3.717095136642456,
            -1.1730715036392212,
            2.333674192428589
        ],
        "length": [
            0.4317537546157837,
            0.014040540903806686,
            0.9371235966682434
        ],
        "theta": -1.5707963705062866
    },
    "instance_17_tv_0": {
        "min": [
            -0.42578721046447754,
            2.4463999271392822,
            0.6586863994598389
        ],
        "max": [
            0.9363133907318115,
            2.7562482357025146,
            1.540518045425415
        ],
        "length": [
            1.362100601196289,
            0.3098483383655548,
            0.881831705570221
        ],
        "theta": 0.0
    },
    "instance_19_wall_art_5": {
        "min": [
            3.703054666519165,
            -0.6410370469093323,
            1.3927799463272095
        ],
        "max": [
            3.717095136642456,
            -0.20928341150283813,
            2.3299036026000977
        ],
        "length": [
            0.43175363540649414,
            0.014040548354387283,
            0.9371235370635986
        ],
        "theta": -1.5707963705062866
    },
    "instance_1_white_pillow_1": {
        "min": [
            2.5504136085510254,
            -0.17911401391029358,
            0.9881320595741272
        ],
        "max": [
            2.9784369468688965,
            0.2775396406650543,
            1.3721271753311157
        ],
        "length": [
            0.3846331238746643,
            0.24067263305187225,
            0.31061989068984985
        ],
        "theta": -1.8429522514343262
    },
    "instance_20_cup_0": {
        "min": [
            2.3582687377929688,
            -2.130876064300537,
            0.660000205039978
        ],
        "max": [
            2.511685371398926,
            -1.9357686042785645,
            0.8184846639633179
        ],
        "length": [
            0.15341642498970032,
            0.1951073706150055,
            0.15848445892333984
        ],
        "theta": -1.1920930376163597e-07
    },
    "instance_21_armchairs_0": {
        "min": [
            -0.8669716119766235,
            -1.4349632263183594,
            0.026556512340903282
        ],
        "max": [
            0.12663836777210236,
            -0.5163019895553589,
            0.9029256105422974
        ],
        "length": [
            0.9746239185333252,
            0.9132487177848816,
            0.8521021008491516
        ],
        "theta": 3.140066385269165
    },
    "instance_22_cup_1": {
        "min": [
            2.6437578201293945,
            -1.9926764965057373,
            0.660000205039978
        ],
        "max": [
            2.747215747833252,
            -1.9104423522949219,
            0.7678178548812866
        ],
        "length": [
            0.05289408564567566,
            0.05292222648859024,
            0.08047186583280563
        ],
        "theta": 0.6472499966621399
    },
    "instance_23_bedside_table_0": {
        "min": [
            3.286245107650757,
            -2.1660947799682617,
            0.0
        ],
        "max": [
            3.717095136642456,
            -1.6008172035217285,
            0.660000205039978
        ],
        "length": [
            0.565277636051178,
            0.4308502674102783,
            0.6600002646446228
        ],
        "theta": -1.5707963705062866
    },
    "instance_24_rug_0": {
        "min": [
            -1.5655474662780762,
            -1.4839272499084473,
            -1.1175870895385742e-08
        ],
        "max": [
            1.4313530921936035,
            0.4780328869819641,
            0.026556503027677536
        ],
        "length": [
            2.9969000816345215,
            1.9619594812393188,
            0.0265568345785141
        ],
        "theta": -2.384185791015625e-07
    },
    "instance_2_grey_pillow_0": {
        "min": [
            2.5849556922912598,
            -0.46833449602127075,
            0.988132119178772
        ],
        "max": [
            3.194052219390869,
            0.471621572971344,
            1.472711205482483
        ],
        "length": [
            0.8666684031486511,
            0.2866209149360657,
            0.38179269433021545
        ],
        "theta": 1.3690582513809204
    },