{
    "instance_0_white_pillow_0": {
        "x": 2.446708917617798,
        "y": -0.8834047913551331
    },
    "instance_10_wall_art_1": {
        "x": -0.46189961954951286,
        "y": -2.152927875518799
    },
    "instance_11_plant_0": {
        "x": 0.014393560588359833,
        "y": 0.3157394826412201
    },
    "instance_12_chandelier_0": {
        "x": 1.234144687652588,
        "y": 0.18935786187648773
    },
    "instance_13_wall_art_2": {
        "x": 3.6995115280151367,
        "y": 0.37817181646823883
    },
    "instance_14_tv_stand_0": {
        "x": 0.2963917851448059,
        "y": 2.5054731369018555
    },
    "instance_15_wall_art_3": {
        "x": 3.7100749015808105,
        "y": -0.915781557559967
    },
    "instance_16_wall_art_4": {
        "x": 3.7100749015808105,
        "y": -1.3889484405517578
    },
    "instance_17_tv_0": {
        "x": 0.255263090133667,
        "y": 2.6013240814208984
    },
    "instance_19_wall_art_5": {
        "x": 3.7100749015808105,
        "y": -0.4251602292060852
    },
    "instance_1_white_pillow_1": {
        "x": 2.764425277709961,
        "y": 0.04921281337738037
    },
    "instance_20_cup_0": {
        "x": 3.337383985519409,
        "y": -2.033322334289551
    },
    "instance_21_armchairs_0": {
        "x": -0.3701666221022606,
        "y": -0.9756326079368591
    },
    "instance_22_cup_1": {
        "x": 3.3207310835520425,
        "y": -1.9515594244003296
    },
    "instance_23_bedside_table_0": {
        "x": 3.5016701221466064,
        "y": -1.8834559917449951
    },
    "instance_24_rug_0": {
        "x": -0.06709718704223633,
        "y": -0.5029472410678864
    },
    "instance_2_grey_pillow_0": {
        "x": 2.8895039558410645,
        "y": 0.001643538475036621
    },
    "instance_3_grey_pillow_1": {
        "x": 2.604846239089966,
        "y": -0.9295512139797211
    },
    "instance_4_lamp_0": {
        "x": 3.4517815113067627,
        "y": -1.8786380887031555
    },
    "instance_5_books_0": {
        "x": -0.27165888249874115,
        "y": -0.0639992319047451
    },
    "instance_7_bed_0": {
        "x": 2.0245947539806366,
        "y": -0.2675115764141083
    },
    "instance_8_wardrobe_0": {
        "x": 2.9105546474456787,
        "y": 2.468657970428467
    },
    "instance_9_wall_art_0": {
        "x": 3.7100749015808105,
        "y": -1.8707982897758484
    }
}