{
    "instance_18_coffee_table_0": {
        "x": -0.0035561829223734985,
        "y": 0.05134241738847696
    },
    "instance_0_white_pillow_0": {
        "x": 2.4426063821360398,
        "y": -0.8816094262611596
    },
    "instance_10_wall_art_1": {
        "x": -0.461613782899908,
        "y": -2.1526761880602154
    },
    "instance_11_plant_0": {
        "x": 0.014401460682683036,
        "y": 0.3157516516866182
    },
    "instance_12_chandelier_0": {
        "x": 1.2344825398089045,
        "y": 0.18939408390875465
    },
    "instance_13_wall_art_2": {
        "x": 3.699477695537815,
        "y": 0.37879365478877436
    },
    "instance_14_tv_stand_0": {
        "x": 0.2963158064136587,
        "y": 2.5064637861041024
    },
    "instance_15_wall_art_3": {
        "x": 3.710611802842366,
        "y": -0.9150137091757368
    },
    "instance_16_wall_art_4": {
        "x": 3.7104905973257116,
        "y": -1.3896546227648783
    },
    "instance_17_tv_0": {
        "x": 0.2554147068164973,
        "y": 2.6012004204741417
    },
    "instance_19_wall_art_5": {
        "x": 3.710492488456648,
        "y": -0.4255041846875184
    },
    "instance_1_white_pillow_1": {
        "x": 2.6307176179579583,
        "y": 0.07590021208818022
    },
    "instance_20_cup_0": {
        "x": 3.3385317368485805,
        "y": -1.9242156775220502
    },
    "instance_21_armchairs_0": {
        "x": -0.3730528372616181,
        "y": -1.0055758721346513
    },
    "instance_22_cup_1": {
        "x": 3.3052724531307853,
        "y": -1.8901034944395454
    },
    "instance_23_bedside_table_0": {
        "x": 3.50182523847899,
        "y": -1.883389776051037
    },
    "instance_24_rug_0": {
        "x": -0.3748625002437658,
        "y": -0.5018417129378344
    },
    "instance_2_grey_pillow_0": {
        "x": 2.8984352079312963,
        "y": 0.0037014754341009246
    },
    "instance_3_grey_pillow_1": {
        "x": 2.6936374930224862,
        "y": -0.9518367947455223
    },
    "instance_4_lamp_0": {
        "x": 3.5231761834658646,
        "y": -1.708935735314109
    },
    "instance_5_books_0": {
        "x": -0.2708314503236975,
        "y": -0.0641144776535432
    },
    "instance_7_bed_0": {
        "x": 2.372152553550211,
        "y": -0.2556181280315932
    },
    "instance_8_wardrobe_0": {
        "x": 2.9112603301907267,
        "y": 2.4692758969908666
    },
    "instance_9_wall_art_0": {
        "x": 3.7097851725458324,
        "y": -1.8707727604158144
    }
}