{
    "reference_obj": "instance_18_coffee_table_0",
    "final_pose_relative_to_reference_obj": {
        "instance_18_coffee_table_0": [
            [
                1.0,
                0.0,
                0.0,
                0.0
            ],
            [
                0.0,
                1.0,
                0.0,
                0.0
            ],
            [
                0.0,
                0.0,
                1.0,
                0.39655667543411255
            ],
            [
                0.0,
                0.0,
                0.0,
                1.0
            ]
        ],
        "instance_0_white_pillow_0": [
            [
                -0.3267703950405121,
                0.9443268775939941,
                -0.03831296041607857,
                2.446708917617798
            ],
            [
                -0.9450931549072266,
                -0.3266902267932892,
                0.008511594496667385,
                -0.8834047913551331
            ],
            [
                -0.004478742368519306,
                0.038990654051303864,
                0.9992295503616333,
                1.0969374179840088
            ],
            [
                0.0,
                0.0,
                0.0,
                1.0
            ]
        ],
        "instance_10_wall_art_1": [
            [
                -1.0,
                8.742277657347586e-08,
                0.0,
                -0.46189960837364197
            ],
            [
                -8.742277657347586e-08,
                -1.0,
                0.0,
                -2.152927875518799
            ],
            [
                0.0,
                0.0,
                1.0,
                1.3646247386932373
            ],
            [
                0.0,
                0.0,
                0.0,
                1.0
            ]
        ],
        "instance_11_plant_0": [
            [
                -0.9515829682350159,
                -0.27142637968063354,
                0.1442827731370926,
                0.014393560588359833
            ],
            [
                0.26965802907943726,
                -0.9624224901199341,
                -0.03205421566963196,
                0.3157394826412201
            ],
            [
                0.14756135642528534,
                0.008404763415455818,
                0.9890171885490417,
                0.9727804660797119
            ],
            [
                0.0,
                0.0,
                0.0,
                1.0
            ]
        ],
        "instance_12_chandelier_0": [
            [
                1.0,
                0.0,
                0.0,
                1.234144687652588
            ],
            [
                0.0,
                1.0,
                0.0,
                0.18935784697532654
            ],
            [
                0.0,
                0.0,
                1.0,
                2.644782781600952
            ],
            [
                0.0,
                0.0,
                0.0,
                1.0
            ]
        ],
        "instance_13_wall_art_2": [
            [
                -4.371138828673793e-08,
                1.0,
                0.0,
                3.6995115280151367
            ],
            [
                -1.0,
                -4.371138828673793e-08,
                0.0,
                0.37817180156707764
            ],
            [
                0.0,
                0.0,
                1.0,
                1.7224565744400024
            ],
            [
                0.0,
                0.0,
                0.0,
                1.0
            ]
        ],
        "instance_14_tv_stand_0": [
            [
                1.0,
                0.0,
                0.0,
                0.2963918149471283
            ],
            [
                0.0,
                1.0,
                0.0,
                2.5054731369018555
            ],
            [
                0.0,
                0.0,
                1.0,
                0.3293432295322418
            ],
            [
                0.0,
                0.0,
                0.0,
                1.0
            ]
        ],
        "instance_15_wall_art_3": [
            [
                -4.371138828673793e-08,
                1.0,
                0.0,
                3.7100749015808105
            ],
            [
                -1.0,
                -4.371138828673793e-08,
                0.0,
                -0.915781557559967
            ],
            [
                0.0,
                0.0,
                1.0,
                1.8638916015625
            ],
            [
                0.0,
                0.0,
                0.0,
                1.0
            ]
        ],
        "instance_16_wall_art_4": [
            [
                -4.371138828673793e-08,
                1.0,
                0.0,
                3.7100749015808105
            ],
            [
                -1.0,
                -4.371138828673793e-08,
                0.0,
                -1.3889484405517578
            ],
            [
                0.0,
                0.0,
                1.0,
                1.8651123046875
            ],
            [
                0.0,
                0.0,
                0.0,
                1.0
            ]
        ],
        "instance_17_tv_0": [
            [
                1.0,
                0.0,
                0.0,
                0.255263090133667
            ],
            [
                0.0,
                1.0,
                0.0,
                2.6013240814208984
            ],
            [
                0.0,
                0.0,
                1.0,
                1.099602222442627
            ],
            [
                0.0,
                0.0,
                0.0,
                1.0
            ]
        ],
        "instance_19_wall_art_5": [
            [
                -4.371138828673793e-08,
                1.0,
                0.0,
                3.7100749015808105
            ],
            [
                -1.0,
                -4.371138828673793e-08,
                0.0,
                -0.4251602292060852
            ],
            [
                0.0,
                0.0,
                1.0,
                1.8613417148590088
            ],
            [
                0.0,
                0.0,
                0.0,
                1.0
            ]
        ],
        "instance_1_white_pillow_1": [
            [
                -0.2687518000602722,
                0.8974360227584839,
                -0.34982994198799133,
                2.764425277709961
            ],
            [
                -0.9629904627799988,
                -0.25808751583099365,
                0.07771885395050049,
                0.04921281337738037
            ],
            [
                -0.020539045333862305,
                0.35776999592781067,
                0.9335838556289673,
                1.1801296472549438
            ],
            [
                0.0,
                0.0,
                0.0,
                1.0
            ]
        ],
        "instance_20_cup_0": [
            [
                1.0,
                1.192093463942001e-07,
                -4.0281440760736587e-07,
                2.4349770545959473
            ],
            [
                -1.1920930376163597e-07,
                1.0,
                9.862320382580947e-08,
                -2.033322334289551
            ],
            [
                4.0281440760736587e-07,
                -9.862315408781797e-08,
                1.0,
                0.739242434501648
            ],
            [
                0.0,
                0.0,
                0.0,
                1.0
            ]
        ],