{
    "backrest_chair_0": {
        "x": 2.2016479677466094,
        "y": 0.8524049384574622
    },
    "beverage_bottle_0": {
        "x": -1.8853016706340702,
        "y": 2.271271422386315
    },
    "beverage_bottle_1": {
        "x": -1.7726964876196751,
        "y": 2.262868518753137
    },
    "book_0": {
        "x": -2.3424163253071044,
        "y": 2.280689334661604
    },
    "carpet_0": {
        "x": 0.009464096203470988,
        "y": -0.4045408372470658
    },
    "desk_0": {
        "x": 2.7877266407012544,
        "y": 1.5153176003206104
    },
    "desk_1": {
        "x": 1.9523641154764113,
        "y": 2.723942995071412
    },
    "desktop_potted_plant_0": {
        "x": 3.0915362834930433,
        "y": 1.5039644045768759
    },
    "double_bed_0": {
        "x": 0.01751180228005374,
        "y": 1.5378292798996098
    },
    "floor_lamp_0": {
        "x": 1.9452669149883444,
        "y": 2.7815465927124015
    },
    "guitar_0": {
        "x": 3.168142080307007,
        "y": 0.3402549567866135
    },
    "guitar_1": {
        "x": -2.945093154907227,
        "y": 0.6949137159216141
    },
    "military_box_0": {
        "x": -2.0644852076061317,
        "y": 2.2977209762122843
    },
    "small_cloth_bag_0": {
        "x": 1.968526200073524,
        "y": 2.283718996207194
    },
    "tall_bookshelf_0": {
        "x": -2.0218803991982437,
        "y": 2.83163285255432
    },
    "tall_storage_cabinet_0": {
        "x": -2.718643188476562,
        "y": 1.2040944978632708
    },
    "vase_0": {
        "x": -2.2917725110038236,
        "y": 2.3200829065759208
    },
    "vase_1": {
        "x": -1.7341130440827384,
        "y": 2.8797440528869678
    },
    "vent_components_0": {
        "x": -2.3867670966868726,
        "y": 2.9316012859344487
    },
    "vintage_television_0": {
        "x": 3.1410212516784655,
        "y": 1.007092988032395
    },
    "wall_frame_0": {
        "x": 3.2079827785491943,
        "y": 1.362180982376346
    }
}