{
    "backrest_chair_0": {
        "x": 2.2160711436646796,
        "y": 0.6264686183693972
    },
    "beverage_bottle_0": {
        "x": -1.890286401744217,
        "y": 2.2722475006729326
    },
    "beverage_bottle_1": {
        "x": -1.7789434668120352,
        "y": 2.2558129559394713
    },
    "book_0": {
        "x": -2.3436076564606205,
        "y": 2.2780503843631044
    },
    "carpet_0": {
        "x": 0.009918224815661712,
        "y": -0.4050052818277227
    },
    "desk_0": {
        "x": 2.454913377761828,
        "y": 1.3052263164432159
    },
    "desk_1": {
        "x": 1.952322629006915,
        "y": 2.2433848381042476
    },
    "desktop_potted_plant_0": {
        "x": 2.7587230205535893,
        "y": 1.503895206867212
    },
    "double_bed_0": {
        "x": 0.017399690626210586,
        "y": 1.0572711229324427
    },
    "floor_lamp_0": {
        "x": 2.2598351363536393,
        "y": 2.3009884357568433
    },
    "guitar_0": {
        "x": 2.8353288173675524,
        "y": 0.34043926164331584
    },
    "guitar_1": {
        "x": -2.933693408966065,
        "y": 0.6950628583137548
    },
    "military_box_0": {
        "x": -2.0703219251755303,
        "y": 2.294989077907883
    },
    "small_cloth_bag_0": {
        "x": 1.7947406217859723,
        "y": 2.2282901319056223
    },
    "tall_bookshelf_0": {
        "x": -2.021813796286919,
        "y": 2.3510746955871595
    },
    "tall_storage_cabinet_0": {
        "x": -2.70724368095398,
        "y": 1.2041891427384643
    },
    "vase_0": {
        "x": -2.297795115966897,
        "y": 2.3252861253140047
    },
    "vase_1": {
        "x": -1.734218868226094,
        "y": 2.3991858959198002
    },
    "vent_components_0": {
        "x": -2.386826199438465,
        "y": 2.4510431289672856
    },
    "vintage_television_0": {
        "x": 2.808207988739014,
        "y": 1.0071101096327149
    },
    "wall_frame_0": {
        "x": 2.8751695156097394,
        "y": 1.3622156556090295
    }
}