{
    "beverage_bottle_0": {
        "x": -1.8908238984386536,
        "y": 0.3357218812102867
    },
    "beverage_bottle_1": {
        "x": -1.9203335444350491,
        "y": 0.15131045717241334
    },
    "book_0": {
        "x": 0.533256285067774,
        "y": 0.20663117914375198
    },
    "book_1": {
        "x": -1.8720205123322475,
        "y": -0.006842787979947718
    },
    "book_2": {
        "x": -1.9670399162945935,
        "y": -0.18848546487248793
    },
    "book_3": {
        "x": 0.7525947012877688,
        "y": 0.4693829025952771
    },
    "book_4": {
        "x": 0.6518632728565564,
        "y": -0.021962218771812675
    },
    "ceiling_chandelier_0": {
        "x": 0.34077433276363256,
        "y": 0.44358312338697536
    },
    "coffee_table_0": {
        "x": 0.20765890636743087,
        "y": 0.18199776511287905
    },
    "large_floor_plant_0": {
        "x": -0.9348426319066977,
        "y": 1.489270083846833
    },
    "multiple_seat_sofa_0": {
        "x": 0.8797710858067754,
        "y": 1.7137714537962148
    },
    "photo_0": {
        "x": -0.06460723415269126,
        "y": 2.4166058271501076
    },
    "photo_1": {
        "x": 0.7667992272165002,
        "y": 2.398197365550964
    },
    "photo_2": {
        "x": 1.6835631275656509,
        "y": 2.3912431284453075
    },
    "photo_3": {
        "x": 0.7855082390734759,
        "y": 2.4020137141723783
    },
    "rug_0": {
        "x": 0.08402522276801834,
        "y": 0.09379876097908942
    },
    "tall_storage_cabinet_0": {
        "x": -1.5958786096527573,
        "y": 0.03267231696081542
    },
    "vase_0": {
        "x": -0.10332530363030201,
        "y": 0.049541318499910274
    },
    "vase_1": {
        "x": -1.913185138984742,
        "y": -0.06828056134944328
    },
    "vase_2": {
        "x": -1.866467395794495,
        "y": -0.15180320523007038
    },
    "vase_3": {
        "x": -1.8360497417742212,
        "y": 0.3171296408850267
    },
    "vase_4": {
        "x": -1.7935547891205168,
        "y": 0.2971123885525955
    },
    "vase_5": {
        "x": -1.7910003634720373,
        "y": 0.457555668267363
    }
}