{
    "beverage_bottle_0": {
        "x": -1.6742546934620568,
        "y": 0.3524760008411342
    },
    "beverage_bottle_1": {
        "x": -1.6744770323879998,
        "y": 0.17103794212402584
    },
    "book_0": {
        "x": 0.5147892563354844,
        "y": 0.3854190095014242
    },
    "book_1": {
        "x": -1.5888279745645528,
        "y": 0.016488138559124267
    },
    "book_2": {
        "x": -1.5765885924592775,
        "y": -0.15757021326605247
    },
    "book_3": {
        "x": 0.819514292885358,
        "y": 0.12816890408273832
    },
    "book_4": {
        "x": 0.6152306909627134,
        "y": 0.07848590226514486
    },
    "ceiling_chandelier_0": {
        "x": 0.33970528746576595,
        "y": 0.44370604794500457
    },
    "coffee_table_0": {
        "x": 0.21061916187701682,
        "y": 0.18214411436737643
    },
    "large_floor_plant_0": {
        "x": -1.2766407752630462,
        "y": 1.4550911187137312
    },
    "multiple_seat_sofa_0": {
        "x": 0.8740575449133715,
        "y": 1.8541648388304575
    },
    "photo_0": {
        "x": -0.0659526970036015,
        "y": 2.311598777771023
    },
    "photo_1": {
        "x": 0.7689227705324407,
        "y": 2.30800509454279
    },
    "photo_2": {
        "x": 1.6858782395588399,
        "y": 2.308287382173378
    },
    "photo_3": {
        "x": 0.7864631886643777,
        "y": 2.309596300075968
    },
    "rug_0": {
        "x": 0.08945317432553083,
        "y": 0.09148551002123524
    },
    "tall_storage_cabinet_0": {
        "x": -1.5703948513942074,
        "y": 0.06081484243858011
    },
    "vase_0": {
        "x": -0.10382900357574112,
        "y": 0.05147669092286971
    },
    "vase_1": {
        "x": -1.621146912696876,
        "y": -0.04571412115417298
    },
    "vase_2": {
        "x": -1.6477156646479403,
        "y": -0.13540871447026714
    },
    "vase_3": {
        "x": -1.6954114030748189,
        "y": 0.3812386029776457
    },
    "vase_4": {
        "x": -1.6525319169090913,
        "y": 0.30992084757904403
    },
    "vase_5": {
        "x": -1.5551350732738878,
        "y": 0.46086014082490984
    }
}