{
    "beverage_bottle_0": {
        "x": -1.6663684844970703,
        "y": 0.35310232639312744
    },
    "beverage_bottle_1": {
        "x": -1.6667934656143188,
        "y": 0.17166426777839663
    },
    "book_0": {
        "x": 0.5526770949363708,
        "y": 0.22522526793181893
    },
    "book_1": {
        "x": -1.5811049938201904,
        "y": 0.017114464193582535
    },
    "book_2": {
        "x": -1.5582358241081238,
        "y": -0.15566296875476837
    },
    "book_3": {
        "x": 0.725816547870636,
        "y": 0.12361997086554766
    },
    "book_4": {
        "x": 0.6306570768356323,
        "y": 0.12370356917381287
    },
    "ceiling_chandelier_0": {
        "x": 0.3405797183513641,
        "y": 0.44298142194747925
    },
    "coffee_table_0": {
        "x": 0.2091296911239624,
        "y": 0.18126854300498965
    },
    "large_floor_plant_0": {
        "x": -1.26905956864357,
        "y": 1.4557174742221832
    },
    "multiple_seat_sofa_0": {
        "x": 0.8741040229797363,
        "y": 1.8463628888130188
    },
    "photo_0": {
        "x": -0.06595267355442047,
        "y": 2.3037970066070557
    },
    "photo_1": {
        "x": 0.768939882516861,
        "y": 2.3002030849456787
    },
    "photo_2": {
        "x": 1.685934066772461,
        "y": 2.300485372543335
    },
    "photo_3": {
        "x": 0.7864054441452026,
        "y": 2.3017942905426025
    },
    "rug_0": {
        "x": 0.08659982681274414,
        "y": 0.09311169385910034
    },
    "tall_storage_cabinet_0": {
        "x": -1.5629013776779175,
        "y": 0.06144116818904877
    },
    "vase_0": {
        "x": -0.10305789113044739,
        "y": 0.051179707050323514
    },
    "vase_1": {
        "x": -1.6130579710006714,
        "y": -0.04508780688047409
    },
    "vase_2": {
        "x": -1.6400508880615234,
        "y": -0.13478238880634308
    },
    "vase_3": {
        "x": -1.6416587829589844,
        "y": 0.38186490535736084
    },
    "vase_4": {
        "x": -1.6444321870803833,
        "y": 0.3105471506714821
    },
    "vase_5": {
        "x": -1.6501877307891846,
        "y": 0.4614865183830261
    }
}