{
    "backrest_chair_0": {
        "x": -2.2911138534545903,
        "y": -0.14915500531640066
    },
    "book_0": {
        "x": 0.020392284822936087,
        "y": -0.4454807219316482
    },
    "ceiling_chandelier_0": {
        "x": 0.003600988881306195,
        "y": -0.313363729411829
    },
    "coffee_table_0": {
        "x": 0.2270567827419259,
        "y": -0.3468880037517734
    },
    "cup_0": {
        "x": -0.21033148764933135,
        "y": -0.1686291237766067
    },
    "cushion_0": {
        "x": 0.6383003634070694,
        "y": 1.6452190876005175
    },
    "cushion_1": {
        "x": 1.4113703367117016,
        "y": 1.645219445228109
    },
    "disposable_paper_cup_0": {
        "x": 2.9105949401855447,
        "y": 1.4903102901025098
    },
    "fruit_0": {
        "x": 0.6311342528077901,
        "y": -0.3502977029986903
    },
    "large_floor_plant_0": {
        "x": -0.4426874287509147,
        "y": -0.5130411913870557
    },
    "large_floor_plant_1": {
        "x": -2.146725281444862,
        "y": 1.3132656812665686
    },
    "magazine_0": {
        "x": 0.06388386671564872,
        "y": -0.3741952829105249
    },
    "multiple_seat_sofa_0": {
        "x": 0.3001633822594597,
        "y": 1.2207829952239455
    },
    "plate_0": {
        "x": 2.815539360046389,
        "y": 1.3725545858600963
    },
    "rug_0": {
        "x": 0.14952196738305168,
        "y": -0.32658797121018823
    },
    "tall_bookshelf_0": {
        "x": 2.4675637092796276,
        "y": 1.6687426567077617
    },
    "vase_0": {
        "x": 2.897524595260623,
        "y": 1.2835345351775804
    },
    "vase_1": {
        "x": 0.3956218622162615,
        "y": 0.06483326765585959
    },
    "vase_2": {
        "x": -0.042336817890813006,
        "y": 0.09351754934076682
    },
    "vase_3": {
        "x": 2.8537292480468754,
        "y": 1.3178189025852336
    },
    "vase_4": {
        "x": 2.887546062469483,
        "y": 1.435485225885886
    },
    "vase_5": {
        "x": 0.6312450708283895,
        "y": -0.3384885787148756
    },
    "vase_6": {
        "x": 2.894323348999022,
        "y": 1.5995253403934862
    },
    "vase_7": {
        "x": 2.9240765571594167,
        "y": 1.5371602054074156
    },
    "vase_8": {
        "x": 2.892154216766353,
        "y": 1.657752442991903
    },
    "vase_9": {
        "x": 2.892650127410898,
        "y": 1.4171267082763384
    },
    "wall_frame_0": {
        "x": 0.4513636888084472,
        "y": 1.7770620584487322
    },
    "wall_frame_1": {
        "x": -0.4055803297970176,
        "y": 1.7741643190382228
    },
    "wall_frame_2": {
        "x": 1.3105983841047038,
        "y": 1.7627179622652551
    },
    "wall_frame_3": {
        "x": -1.2667168423821529,
        "y": 1.774212241172601
    }
}