{
    "backrest_chair_0": {
        "x": -2.2911138534545903,
        "y": -0.14794548896305865
    },
    "book_0": {
        "x": 0.012011329378694187,
        "y": -0.32437543126819746
    },
    "ceiling_chandelier_0": {
        "x": 0.01099140453816857,
        "y": -0.31529506256429035
    },
    "coffee_table_0": {
        "x": 0.22604392441710852,
        "y": -0.3454111070277646
    },
    "cup_0": {
        "x": -0.2723620458207585,
        "y": -0.20807684352993844
    },
    "cushion_0": {
        "x": 0.6377681607696922,
        "y": 1.992322444914519
    },
    "cushion_1": {
        "x": 1.4117665651222602,
        "y": 1.992322683334673
    },
    "disposable_paper_cup_0": {
        "x": 2.914123773574832,
        "y": 1.3818280604203392
    },
    "fruit_0": {
        "x": 0.6506558967434933,
        "y": -0.3286899526498705
    },
    "large_floor_plant_0": {
        "x": -0.43932342050082895,
        "y": -0.6604591048813369
    },
    "large_floor_plant_1": {
        "x": -2.144658070776292,
        "y": 1.660368919376466
    },
    "magazine_0": {
        "x": 0.008929671127190335,
        "y": -0.4003881326527237
    },
    "multiple_seat_sofa_0": {
        "x": 0.30027838892133074,
        "y": 1.5678862333299497
    },
    "plate_0": {
        "x": 2.8190679550170916,
        "y": 1.3544809745005626
    },
    "rug_0": {
        "x": 0.1491279758282467,
        "y": -0.3333071257335742
    },
    "tall_bookshelf_0": {
        "x": 2.467039953603873,
        "y": 2.015845775603201
    },
    "vase_0": {
        "x": 2.901053428649896,
        "y": 1.4277531411848003
    },
    "vase_1": {
        "x": 0.4334035481717956,
        "y": -0.6326928001316439
    },
    "vase_2": {
        "x": -0.07975305270600941,
        "y": 0.08123406757762444
    },
    "vase_3": {
        "x": 2.8572583198547257,
        "y": 1.554571184136385
    },
    "vase_4": {
        "x": 2.89107513427735,
        "y": 1.2757634397842814
    },
    "vase_5": {
        "x": 0.6767401907421137,
        "y": -0.29396127252742704
    },
    "vase_6": {
        "x": 2.8978521823883043,
        "y": 1.58202500442341
    },
    "vase_7": {
        "x": 2.9276056289672856,
        "y": 1.422093856458523
    },
    "vase_8": {
        "x": 2.895683050155639,
        "y": 1.5774176000251316
    },
    "vase_9": {
        "x": 2.896178960800165,
        "y": 1.7298543912416295
    },
    "wall_frame_0": {
        "x": 0.4510908198167526,
        "y": 2.124165296553962
    },
    "wall_frame_1": {
        "x": -0.4065871061853592,
        "y": 2.121267557141989
    },
    "wall_frame_2": {
        "x": 1.3109601505491342,
        "y": 2.109821081162461
    },
    "wall_frame_3": {
        "x": -1.2668161140348166,
        "y": 2.1213154792781777
    }
}