{
    "instance_26_ground_0": {
        "min": [
            -2.4399471282958984,
            -2.0132083892822266,
            -0.019048037007451057
        ],
        "max": [
            2.4399473667144775,
            2.0132083892822266,
            0.019048037007451057
        ],
        "length": [
            4.879894256591797,
            4.026416778564453,
            0.038096074014902115
        ],
        "theta": 0.0
    },
    "instance_0_dining_chairs_0": {
        "min": [
            -1.8714617490768433,
            0.6724528074264526,
            -2.9802322387695312e-08
        ],
        "max": [
            -0.9884182214736938,
            1.5860906839370728,
            0.8696771860122681
        ],
        "length": [
            0.7086041569709778,
            0.6463853716850281,
            0.8696773052215576
        ],
        "theta": 1.1405158042907715
    },
    "instance_10_floor_rug_0": {
        "min": [
            -1.0722665786743164,
            -0.9591360092163086,
            3.725290298461914e-09
        ],
        "max": [
            1.0621775388717651,
            2.1477322578430176,
            0.02655651792883873
        ],
        "length": [
            2.9969000816345215,
            1.9619594812393188,
            0.0265568345785141
        ],
        "theta": -1.5120800733566284
    },
    "instance_11_red_fruit_1": {
        "min": [
            -0.11005730926990509,
            0.7175791263580322,
            0.807640790939331
        ],
        "max": [
            -0.03933735191822052,
            0.8038121461868286,
            0.8921008110046387
        ],
        "length": [
            0.06932045519351959,
            0.07117093354463577,
            0.07018397003412247
        ],
        "theta": -3.122224807739258
    },
    "instance_12_chandelier_0": {
        "min": [
            -0.49424877762794495,
            0.12383651733398438,
            3.308237075805664
        ],
        "max": [
            0.5450027585029602,
            1.1339540481567383,
            4.017230987548828
        ],
        "length": [
            1.0392515659332275,
            1.0101176500320435,
            0.7089938521385193
        ],
        "theta": 0.0
    },
    "instance_13_wall_art_0": {
        "min": [
            -2.523721694946289,
            -0.9476894736289978,
            1.6067116260528564
        ],
        "max": [
            -2.4960756301879883,
            -0.1991766095161438,
            2.6546294689178467
        ],
        "length": [
            0.748512864112854,
            0.02764621376991272,
            1.0479179620742798
        ],
        "theta": 1.5707963705062866
    },
    "instance_14_dining_table_0": {
        "min": [
            -0.6958730220794678,
            -0.17407263815402985,
            2.9802322387695312e-08
        ],
        "max": [
            0.6087169647216797,
            1.160044550895691,
            0.6308670043945312
        ],
        "length": [
            1.1820015907287598,
            1.215255856513977,
            0.6308671832084656
        ],
        "theta": -0.10659704357385635
    },
    "instance_16_wall_art_1": {
        "min": [
            0.5236001014709473,
            2.258263111114502,
            2.100039005279541
        ],
        "max": [
            0.955353856086731,
            2.272303581237793,
            3.0371627807617188
        ],
        "length": [
            0.4317536950111389,
            0.014040539041161537,
            0.9371235966682434
        ],
        "theta": 0.0
    },
    "instance_17_pot_plant_0": {
        "min": [
            1.5791372060775757,
            -0.07327574491500854,
            0.0
        ],
        "max": [
            2.4120001792907715,
            0.7595438361167908,
            1.4674954414367676
        ],
        "length": [
            0.5896865129470825,
            0.5887188911437988,
            1.4674955606460571
        ],
        "theta": -2.3878347873687744
    },
    "instance_18_wall_art_2": {
        "min": [
            2.40844464302063,
            0.29003700613975525,
            1.6850999593734741
        ],
        "max": [
            2.422485113143921,
            0.7217907905578613,
            2.6222236156463623
        ],
        "length": [
            0.4317537546157837,
            0.014040540903806686,
            0.9371235966682434
        ],
        "theta": -1.5707963705062866
    },
    "instance_19_wall_art_3": {
        "min": [
            -1.0911527872085571,
            2.208085536956787,
            2.0690507888793945
        ],
        "max": [
            -0.33908435702323914,
            2.272303581237793,
            3.0653886795043945
        ],
        "length": [
            0.7520684003829956,
            0.06421829015016556,
            0.9963380098342896
        ],
        "theta": 0.0
    },
    "instance_1_dining_chairs_1": {
        "min": [
            -0.6378908753395081,
            1.1471879482269287,
            0.0
        ],
        "max": [
            0.17477457225322723,
            1.9097485542297363,
            0.8696771860122681
        ],
        "length": [
            0.7086041569709778,
            0.6463853716850281,
            0.8696773052215576
        ],
        "theta": 0.17958293855190277
    },
    "instance_22_wall_art_4": {
        "min": [
            2.40844464302063,
            -0.41369447112083435,
            1.6179436445236206
        ],
        "max": [
            2.422485113143921,
            0.018059298396110535,
            2.555067300796509
        ],
        "length": [
            0.4317537546157837,
            0.014040540903806686,
            0.9371235966682434
        ],
        "theta": -1.5707963705062866
    },
    "instance_23_wall_art_5": {
        "min": [
            2.40844464302063,
            0.8616936802864075,
            1.8932033777236938
        ],
        "max": [
            2.422485113143921,
            1.293447494506836,
            2.830327033996582
        ],
        "length": [
            0.4317537546157837,
            0.014040540903806686,
            0.9371235966682434
        ],
        "theta": -1.5707963705062866
    },
    "instance_24_pot_plant_1": {
        "min": [
            -2.4660027027130127,
            -0.22069603204727173,
            0.6586867570877075
        ],
        "max": [
            -2.0391852855682373,
            0.30232757329940796,
            1.3501945734024048
        ],
        "length": [
            0.31836533546447754,
            0.33147940039634705,
            0.6339869499206543
        ],
        "theta": -2.720224618911743
    },
    "instance_25_pot_plant_2": {
        "min": [
            -0.214339479804039,
            0.5121752619743347,
            0.8076407313346863
        ],
        "max": [
            0.13662855327129364,
            0.838117778301239,
            1.1787049770355225
        ],
        "length": [
            0.3509678840637207,
            0.32594233751296997,
            0.3710642457008362
        ],
        "theta": 3.141592264175415
    },
    "instance_2_sideboard_0": {
        "min": [
            -2.523721694946289,
            -1.1029390096664429,
            0.0
        ],
        "max": [
            -2.0221710205078125,
            0.7077973484992981,
            0.6586867570877075
        ],
        "length": [
            1.8107364177703857,
            0.5015507936477661,
            0.6586868166923523
        ],
        "theta": 1.5707963705062866
    },
    "instance_3_table_lamp_0": {
        "min": [
            -2.3674895763397217,
            -0.9236540794372559,
            0.6586866974830627
        ],
        "max": [
            -2.1281721591949463,
            -0.6760293245315552,
            0.9951247572898865
        ],
        "length": [
            0.1705498844385147,
            0.17050522565841675,
            0.3304673731327057
        ],