{
    "instance_0_dining_chairs_0": {
        "x": -1.4295214823496165,
        "y": 1.1294561231045575
    },
    "instance_11_red_fruit_1": {
        "x": -0.07985212555217451,
        "y": 0.7677632339217724
    },
    "instance_12_chandelier_0": {
        "x": 0.0246022628671562,
        "y": 0.6290752911117927
    },
    "instance_13_wall_art_0": {
        "x": -2.510151764269135,
        "y": -0.5733107289156523
    },
    "instance_14_dining_table_0": {
        "x": -0.023211081083663397,
        "y": 0.5579450208905208
    },
    "instance_16_wall_art_1": {
        "x": 0.7392509551230146,
        "y": 2.264936498471698
    },
    "instance_17_pot_plant_0": {
        "x": 1.9961090126457557,
        "y": 0.34222906063588293
    },
    "instance_18_wall_art_2": {
        "x": 2.4156822932020776,
        "y": 0.5059377928184913
    },
    "instance_19_wall_art_3": {
        "x": -0.7156323803254309,
        "y": 2.240193419139564
    },
    "instance_1_dining_chairs_1": {
        "x": -0.224083846399503,
        "y": 1.6026177111265612
    },
    "instance_22_wall_art_4": {
        "x": 2.415842832165574,
        "y": -0.19724458855305294
    },
    "instance_23_wall_art_5": {
        "x": 2.4150273573492176,
        "y": 1.0774127345187143
    },
    "instance_24_pot_plant_1": {
        "x": -2.2527689157499164,
        "y": 0.040155797066005874
    },
    "instance_25_pot_plant_2": {
        "x": -0.03884901911601053,
        "y": 0.5683367203505508
    },
    "instance_2_sideboard_0": {
        "x": -2.273822294811013,
        "y": -0.19770638934998658
    },
    "instance_3_table_lamp_0": {
        "x": -2.24766132264724,
        "y": -0.7990990483750583
    },
    "instance_4_dining_chairs_2": {
        "x": 0.9067349672122696,
        "y": -0.04567186580095816
    },
    "instance_5_dining_chairs_3": {
        "x": 0.8311260131609935,
        "y": 1.4620562475094596
    },
    "instance_7_round_tray_0": {
        "x": -0.021495682187070698,
        "y": 0.7027408620194915
    },
    "instance_8_dining_chairs_4": {
        "x": -0.9098358122837997,
        "y": -0.20465459966692298
    },
    "instance_9_red_fruit_0": {
        "x": 0.010834409176919756,
        "y": 0.7858801483282902
    }
}