{
    "reference_obj": "instance_26_ground_0",
    "final_pose_relative_to_reference_obj": {
        "instance_26_ground_0": [
            [
                1.0,
                0.0,
                0.0,
                0.0
            ],
            [
                0.0,
                1.0,
                0.0,
                0.0
            ],
            [
                0.0,
                0.0,
                1.0,
                0.0
            ],
            [
                0.0,
                0.0,
                0.0,
                1.0
            ]
        ],
        "instance_0_dining_chairs_0": [
            [
                0.4171258807182312,
                -0.9088487029075623,
                0.0,
                -1.4299399852752686
            ],
            [
                0.9088487029075623,
                0.4171258807182312,
                0.0,
                1.1292717456817627
            ],
            [
                0.0,
                0.0,
                1.0,
                0.43483856320381165
            ],
            [
                0.0,
                0.0,
                0.0,
                1.0
            ]
        ],
        "instance_10_floor_rug_0": [
            [
                0.05868275836110115,
                0.9982767105102539,
                0.0,
                -0.005044476129114628
            ],
            [
                -0.9982767105102539,
                0.05868275836110115,
                0.0,
                0.5942980647087097
            ],
            [
                0.0,
                0.0,
                1.0,
                0.013278260827064514
            ],
            [
                0.0,
                0.0,
                0.0,
                1.0
            ]
        ],
        "instance_11_red_fruit_1": [
            [
                -0.999802827835083,
                0.019855942577123642,
                -1.6628987964395492e-08,
                -0.0746973305940628
            ],
            [
                -0.019366448745131493,
                -0.975155234336853,
                0.22067435085773468,
                0.7606956362724304
            ],
            [
                0.004381681326776743,
                0.22063085436820984,
                0.9753475189208984,
                0.8498708009719849
            ],
            [
                0.0,
                0.0,
                0.0,
                1.0
            ]
        ],
        "instance_12_chandelier_0": [
            [
                1.0,
                0.0,
                0.0,
                0.025376999750733376
            ],
            [
                0.0,
                1.0,
                0.0,
                0.6288952827453613
            ],
            [
                0.0,
                0.0,
                1.0,
                3.662734031677246
            ],
            [
                0.0,
                0.0,
                0.0,
                1.0
            ]
        ],
        "instance_13_wall_art_0": [
            [
                -4.371138828673793e-08,
                -1.0,
                0.0,
                -2.5098986625671387
            ],
            [
                1.0,
                -4.371138828673793e-08,
                0.0,
                -0.5734330415725708
            ],
            [
                0.0,
                0.0,
                1.0,
                2.1306705474853516
            ],
            [
                0.0,
                0.0,
                0.0,
                1.0
            ]
        ],
        "instance_14_dining_table_0": [
            [
                0.9943239092826843,
                0.10639528185129166,
                0.0,
                -0.043578051030635834
            ],
            [
                -0.10639528185129166,
                0.9943239092826843,
                0.0,
                0.49298596382141113
            ],
            [
                0.0,
                0.0,
                1.0,
                0.315433531999588
            ],
            [
                0.0,
                0.0,
                0.0,
                1.0
            ]
        ],
        "instance_16_wall_art_1": [
            [
                1.0,
                0.0,
                0.0,
                0.7394769787788391
            ],
            [
                0.0,
                1.0,
                0.0,
                2.2652833461761475
            ],
            [
                0.0,
                0.0,
                1.0,
                2.56860089302063
            ],
            [
                0.0,
                0.0,
                0.0,
                1.0
            ]
        ],
        "instance_17_pot_plant_0": [
            [
                -0.7291220426559448,
                0.6843836903572083,
                0.0,
                1.9955686330795288
            ],
            [
                -0.6843836903572083,
                -0.7291220426559448,
                0.0,
                0.3431340456008911
            ],
            [
                0.0,
                0.0,
                1.0,
                0.7337477207183838
            ],
            [
                0.0,
                0.0,
                0.0,
                1.0
            ]
        ],
        "instance_18_wall_art_2": [
            [
                -4.371138828673793e-08,
                1.0,
                0.0,
                2.4154648780822754
            ],
            [
                -1.0,
                -4.371138828673793e-08,
                0.0,
                0.5059139132499695
            ],
            [
                0.0,
                0.0,
                1.0,
                2.1536617279052734
            ],
            [
                0.0,
                0.0,
                0.0,
                1.0
            ]
        ],
        "instance_19_wall_art_3": [
            [
                1.0,
                0.0,
                0.0,
                -0.7151185870170593
            ],
            [
                0.0,
                1.0,
                0.0,
                2.24019455909729
            ],
            [
                0.0,
                0.0,
                1.0,
                2.5672197341918945
            ],
            [
                0.0,
                0.0,
                0.0,
                1.0
            ]
        ],
        "instance_1_dining_chairs_1": [
            [
                0.9839182496070862,
                -0.17861922085285187,
                0.0,
                -0.23155814409255981
            ],
            [
                0.17861922085285187,
                0.9839182496070862,
                0.0,
                1.5284682512283325
            ],
            [
                0.0,
                0.0,
                1.0,
                0.43483859300613403
            ],
            [
                0.0,
                0.0,
                0.0,
                1.0
            ]
        ],
        "instance_22_wall_art_4": [
            [
                -4.371138828673793e-08,
                1.0,
                0.0,
                2.4154648780822754
            ],
            [
                -1.0,
                -4.371138828673793e-08,
                0.0,
                -0.1978175789117813
            ],
            [
                0.0,
                0.0,
                1.0,
                2.08650541305542
            ],
            [
                0.0,
                0.0,
                0.0,
                1.0
            ]
        ],