{
    "reference_obj": "instance_26_ground_0",
    "final_pose_relative_to_reference_obj": {
        "instance_0_dining_chairs_0": [
            [
                -0.509248673915863,
                -0.8606193661689758,
                -2.063587203338102e-07,
                -1.4299399852752686
            ],
            [
                0.7872565984725952,
                -0.4658379852771759,
                -0.4040074348449707,
                1.1292717456817627
            ],
            [
                0.34769657254219055,
                -0.20574039220809937,
                0.914755642414093,
                1.0472619533538818
            ],
            [
                0.0,
                0.0,
                0.0,
                1.0
            ]
        ],
        "instance_10_floor_rug_0": [
            [
                0.0505228154361248,
                0.9987229108810425,
                9.572385550882245e-08,
                -0.005044476129114628
            ],
            [
                -0.8594645261764526,
                0.043478142470121384,
                -0.5093430876731873,
                0.5942980647087097
            ],
            [
                -0.5086925625801086,
                0.02573336474597454,
                0.8605635762214661,
                0.07977600395679474
            ],
            [
                0.0,
                0.0,
                0.0,
                1.0
            ]
        ],
        "instance_11_red_fruit_1": [
            [
                -0.999802827835083,
                0.019855942577123642,
                -1.6037235539556605e-08,
                -0.0746973305940628
            ],
            [
                -0.019366448745131493,
                -0.975155234336853,
                0.2206743210554123,
                0.7606956362724304
            ],
            [
                0.004381681326776743,
                0.22063082456588745,
                0.9753475785255432,
                1.1967272758483887
            ],
            [
                0.0,
                0.0,
                0.0,
                1.0
            ]
        ],
        "instance_12_chandelier_0": [
            [
                0.7083302140235901,
                -0.7058812379837036,
                -1.7848003963649717e-08,
                0.025376999750733376
            ],
            [
                0.6746779084205627,
                0.6770188808441162,
                0.2940326929092407,
                0.6288952827453613
            ],
            [
                -0.20755210518836975,
                -0.2082722932100296,
                0.9557953476905823,
                3.4566168785095215
            ],
            [
                0.0,
                0.0,
                0.0,
                1.0
            ]
        ],
        "instance_13_wall_art_0": [
            [
                0.3175292909145355,
                -0.9482484459877014,
                -1.6149305892554366e-08,
                -2.458094835281372
            ],
            [
                0.9459827542304993,
                0.31677061319351196,
                -0.06908737868070602,
                -0.5734330415725708
            ],
            [
                0.06551200151443481,
                0.021937251091003418,
                0.9976106286048889,
                2.1306705474853516
            ],
            [
                0.0,
                0.0,
                0.0,
                1.0
            ]
        ],
        "instance_14_dining_table_0": [
            [
                0.9934675097465515,
                0.11411461979150772,
                -5.193525609570315e-08,
                -0.043578051030635834
            ],
            [
                -0.1063036173582077,
                0.9254656434059143,
                -0.36361056566238403,
                0.49298596382141113
            ],
            [
                -0.041493237018585205,
                0.3612353205680847,
                0.9315509796142578,
                0.9547926783561707
            ],
            [
                0.0,
                0.0,
                0.0,
                1.0
            ]
        ],
        "instance_15_wall_0": [
            [
                -0.1055946871638298,
                -0.9944092631340027,
                -1.3224004646872345e-07,
                -2.523721694946289
            ],
            [
                0.994362473487854,
                -0.10558972507715225,
                0.009701797738671303,
                0.3673917055130005
            ],
            [
                -0.009647570550441742,
                0.0010243267752230167,
                0.999953031539917,
                2.0078773498535156
            ],
            [
                0.0,
                0.0,
                0.0,
                1.0
            ]
        ],
        "instance_16_wall_art_1": [
            [
                0.9983562231063843,
                0.05731409788131714,
                -8.9669427438821e-08,
                0.7394769787788391
            ],
            [
                -0.043858710676431656,
                0.7639753222465515,
                -0.643753170967102,
                2.287283420562744
            ],
            [
                -0.03689606115221977,
                0.6426949501037598,
                0.7652332186698914,
                2.56860089302063
            ],
            [
                0.0,
                0.0,
                0.0,
                1.0
            ]
        ],
        "instance_17_pot_plant_0": [
            [
                -0.7117776870727539,
                0.7024047374725342,
                -2.6372164452226343e-09,
                1.9955686330795288
            ],
            [
                -0.6681032776832581,
                -0.6770185828208923,
                0.3086807131767273,
                0.3431340456008911
            ],
            [
                0.21681877970695496,
                0.2197120487689972,
                0.9511657357215881,
                1.2385718822479248
            ],
            [
                0.0,
                0.0,
                0.0,
                1.0
            ]
        ],
        "instance_18_wall_art_2": [
            [
                0.3681211471557617,
                0.9297778010368347,
                2.2872120553074637e-07,
                2.4274227619171143
            ],
            [
                -0.9255816340446472,
                0.36645975708961487,
                -0.09489938616752625,
                0.5059139132499695
            ],
            [
                -0.08823541551828384,
                0.03493424877524376,
                0.9954869747161865,
                2.1536617279052734
            ],
            [
                0.0,
                0.0,
                0.0,
                1.0
            ]
        ],
        "instance_19_wall_art_3": [
            [
                0.9970989227294922,
                0.07611659914255142,
                9.772624309789535e-08,
                -0.7151185870170593
            ],
            [
                -0.06211363151669502,
                0.8136645555496216,
                0.5780068635940552,
                2.277548313140869
            ],
            [
                0.04399583488702774,
                -0.5763300061225891,
                0.8160320520401001,
                2.5672197341918945
            ],
            [
                0.0,
                0.0,
                0.0,
                1.0
            ]
        ],