{
    "book_0": {
        "x": -0.04375397234349578,
        "y": 1.5681850304537615
    },
    "book_1": {
        "x": -0.25544481230111693,
        "y": 1.5797635828080208
    },
    "book_2": {
        "x": -0.3932080163035929,
        "y": 1.6182882840814705
    },
    "book_3": {
        "x": -0.5792894834743697,
        "y": 1.5836585495588507
    },
    "book_4": {
        "x": 0.4437664618130392,
        "y": -0.6446308856295537
    },
    "ceiling_chandelier_0": {
        "x": -0.07347791060320087,
        "y": -0.4002417679853519
    },
    "ceiling_light_0": {
        "x": 0.45106053784413513,
        "y": -1.0481682910910293
    },
    "coffee_table_0": {
        "x": 0.4029137129647869,
        "y": -0.7330736161773207
    },
    "cup_0": {
        "x": 0.5268110181689218,
        "y": -0.4269922611618097
    },
    "cushion_0": {
        "x": 1.9991077690457915,
        "y": -0.8872339829809652
    },
    "cushion_1": {
        "x": -1.168340724188011,
        "y": 0.36885858009944494
    },
    "desktop_potted_plant_0": {
        "x": 1.895935559299111,
        "y": 1.504809202262592
    },
    "desktop_potted_plant_1": {
        "x": -0.9780034594408022,
        "y": 1.4589453848728529
    },
    "desktop_potted_plant_2": {
        "x": 1.7994034895817372,
        "y": -0.3275747641248825
    },
    "desktop_potted_plant_3": {
        "x": -0.9118338545811839,
        "y": 1.5390591695221634
    },
    "desktop_potted_plant_4": {
        "x": -0.03714898851881986,
        "y": -0.5250579131418694
    },
    "floor-length_curtains_0": {
        "x": 1.3703380391271238,
        "y": 0.5719128418668721
    },
    "floor-length_curtains_1": {
        "x": -1.5225759171535185,
        "y": -0.302851203051969
    },
    "rug_0": {
        "x": 0.2692978112716267,
        "y": -0.571377371954225
    },
    "single_sofa_0": {
        "x": 1.6822836057400177,
        "y": -1.2593160735218432
    },
    "single_sofa_1": {
        "x": -0.6849907945970911,
        "y": 0.141476552063003
    },
    "tall_bookshelf_0": {
        "x": 1.9822355937412517,
        "y": 1.6204332630219884
    },
    "tall_storage_cabinet_0": {
        "x": -1.808989780672584,
        "y": 1.8032491413147693
    },
    "tall_storage_cabinet_1": {
        "x": -0.07873899837177492,
        "y": 1.0574490954356461
    },
    "tv_on_wall_0": {
        "x": -0.5567520588207697,
        "y": 1.7698876059718571
    },
    "vase_0": {
        "x": 0.16275988771715136,
        "y": 1.5296653866021046
    },
    "vase_10": {
        "x": 1.8751494482623579,
        "y": 1.6860688285819636
    },
    "vase_11": {
        "x": -0.2175572606709726,
        "y": -0.28457709568872896
    },
    "vase_3": {
        "x": 2.0772354540582643,
        "y": 1.5498500162412523
    },
    "vase_5": {
        "x": 1.7211964167530354,
        "y": 1.7129569595302288
    },
    "vase_7": {
        "x": 2.0664241637331386,
        "y": 1.5959316290795384
    },
    "vent_components_0": {
        "x": 2.243155840297264,
        "y": -1.2606491492989336
    },
    "vertically_placed_book_0": {
        "x": 1.870353696010902,
        "y": 1.6297495592477642
    },
    "vertically_placed_book_1": {
        "x": 1.6823366219472813,
        "y": -0.2963457257977626
    },
    "vintage_camera_0": {
        "x": 0.3406010829489675,
        "y": -0.45707170748809733
    },
    "wall_frame_0": {
        "x": 0.5420244058973911,
        "y": 1.8104361476537196
    },
    "wall_frame_1": {
        "x": 0.8876134011380375,
        "y": 1.819424871520205
    },
    "wall_frame_2": {
        "x": 2.224625494257394,
        "y": -0.5753111838810819
    },
    "wall_frame_3": {
        "x": 0.07824810307085497,
        "y": 1.8028206094230859
    },
    "wall_frame_4": {
        "x": -0.6757571141030937,
        "y": 1.7974525825189915
    },
    "wall_frame_5": {
        "x": 1.0399399522796688,
        "y": 1.8244461260335791
    },
    "wall_frame_6": {
        "x": 0.3598515557824988,
        "y": 1.5514073422061614
    }
}