{
    "book_0": {
        "x": -0.3801796524451952,
        "y": 2.053980112027994
    },
    "book_1": {
        "x": -0.5908202740727175,
        "y": 2.02316594127111
    },
    "book_2": {
        "x": -0.2769369175337681,
        "y": 2.092051744399812
    },
    "book_3": {
        "x": -0.7285159852403306,
        "y": 2.0920524597929098
    },
    "book_4": {
        "x": 0.47533642069248105,
        "y": -0.4532118641094896
    },
    "ceiling_chandelier_0": {
        "x": -0.06903746440133963,
        "y": -0.3992990093872812
    },
    "ceiling_light_0": {
        "x": 0.4505685572461901,
        "y": -1.0506340106693144
    },
    "coffee_table_0": {
        "x": 0.17311040557889149,
        "y": -0.5709672653203716
    },
    "cup_0": {
        "x": 0.37040835638556385,
        "y": -0.7611089798084906
    },
    "cushion_0": {
        "x": 1.9961563587775204,
        "y": -0.884818136165044
    },
    "cushion_1": {
        "x": -1.894005470236966,
        "y": 0.763149192504483
    },
    "desktop_potted_plant_0": {
        "x": 1.896530143148772,
        "y": 2.04367947578427
    },
    "desktop_potted_plant_1": {
        "x": 2.343607425689699,
        "y": 1.5656700822543994
    },
    "desktop_potted_plant_2": {
        "x": 1.8648930562370443,
        "y": -0.462992211289333
    },
    "desktop_potted_plant_3": {
        "x": -0.9410649036581468,
        "y": 2.043688774124226
    },
    "desktop_potted_plant_4": {
        "x": -0.07488096550889978,
        "y": -0.5528628483717724
    },
    "floor-length_curtains_0": {
        "x": 2.357369422912598,
        "y": 0.4777885287109911
    },
    "floor-length_curtains_1": {
        "x": -2.446771621703854,
        "y": 0.28359478217387174
    },
    "rug_0": {
        "x": 0.2701207324202774,
        "y": -0.5721868982688794
    },
    "single_sofa_0": {
        "x": 2.0421633720397945,
        "y": -0.8447729394470155
    },
    "single_sofa_1": {
        "x": -2.1562583446502686,
        "y": 0.3277714665011204
    },
    "tall_bookshelf_0": {
        "x": 1.9831596650200776,
        "y": 2.0385358333586976
    },
    "tall_storage_cabinet_0": {
        "x": -2.2960193157196045,
        "y": 1.5662809489726455
    },
    "tall_storage_cabinet_1": {
        "x": 0.20276170487625128,
        "y": 1.9785645008087005
    },
    "tv_on_wall_0": {
        "x": -0.556709373732621,
        "y": 2.146291732788443
    },
    "vase_0": {
        "x": 0.5231360630380549,
        "y": 2.0922870635986675
    },
    "vase_10": {
        "x": 2.471485376358029,
        "y": 1.6007426883879508
    },
    "vase_11": {
        "x": -0.23921906048007294,
        "y": -0.28010080918185687
    },
    "vase_3": {
        "x": 2.4622483253478973,
        "y": 1.4599925285429733
    },
    "vase_5": {
        "x": 2.4669730663299565,
        "y": 1.736590966737133
    },
    "vase_7": {
        "x": 2.468521833419799,
        "y": 1.5995034982113694
    },
    "vent_components_0": {
        "x": 2.239040797335767,
        "y": -1.256025404983919
    },
    "vertically_placed_book_0": {
        "x": 1.8717154372815863,
        "y": 1.630830719677432
    },
    "vertically_placed_book_1": {
        "x": 2.146105989780586,
        "y": -0.32544195054425523
    },
    "vintage_camera_0": {
        "x": 0.23538815465703222,
        "y": -0.33148388836663867
    },
    "wall_frame_0": {
        "x": 0.5398302824006945,
        "y": 2.192435741424387
    },
    "wall_frame_1": {
        "x": 0.8957401969895171,
        "y": 2.1878790855406605
    },
    "wall_frame_2": {
        "x": 2.5100750923156725,
        "y": -0.5785719422932051
    },
    "wall_frame_3": {
        "x": 0.07514432586098471,
        "y": 2.1878817081452167
    },
    "wall_frame_4": {
        "x": -0.6763074303110138,
        "y": 2.1895818710327006
    },
    "wall_frame_5": {
        "x": 1.0507517515984235,
        "y": 2.193205356597916
    },
    "wall_frame_6": {
        "x": 0.14018491064997607,
        "y": 2.19201064109805
    }
}