{
    "backrest_chair_0": {
        "x": 1.8466694813273883,
        "y": -1.302551256491042
    },
    "ceiling_light_0": {
        "x": 0.3478320240974428,
        "y": 0.7774474620819092
    },
    "desk_0": {
        "x": 1.689790106233815,
        "y": -0.1732014014620838
    },
    "desk_lamp_0": {
        "x": -1.017461219957193,
        "y": 1.5249037363897946
    },
    "desktop_potted_plant_0": {
        "x": 1.8458398173863104,
        "y": -0.5631637504924148
    },
    "double_bed_0": {
        "x": -0.6506681919139865,
        "y": 0.284125197008336
    },
    "guitar_0": {
        "x": 1.86732542514801,
        "y": 1.4007691144943237
    },
    "guitar_1": {
        "x": -1.718430280685425,
        "y": -0.8593390745379156
    },
    "lcd_tv_0": {
        "x": 2.0635688539177326,
        "y": -0.23906146702616313
    },
    "nightstands_0": {
        "x": -1.1063924017925821,
        "y": 1.5316988601643624
    },
    "small_desktop_storage_box_0": {
        "x": 1.885259747505188,
        "y": 0.47103176327832635
    },
    "small_desktop_storage_box_1": {
        "x": 1.7129069661405878,
        "y": -0.5547072204492866
    },
    "tall_wardrobe_0": {
        "x": -1.6187573301992748,
        "y": -1.513176853622726
    },
    "wall_frame_0": {
        "x": -0.12576521933078758,
        "y": 1.727124571800232
    }
}