{
    "backrest_chair_0": {
        "x": 1.3926301293339474,
        "y": 1.1281295568580927
    },
    "beverage_bottle_0": {
        "x": -1.887596451036089,
        "y": 2.2718175993169525
    },
    "beverage_bottle_1": {
        "x": -1.8064415508431375,
        "y": 2.2604112427868555
    },
    "book_0": {
        "x": -2.347069196316674,
        "y": 2.273668641824955
    },
    "carpet_0": {
        "x": 0.008750622065779503,
        "y": 0.9647918993798158
    },
    "desk_0": {
        "x": 2.049979464570099,
        "y": 0.9475664555306048
    },
    "desk_1": {
        "x": 1.9627896561158507,
        "y": 2.2840943526510817
    },
    "desktop_potted_plant_0": {
        "x": 2.6107079936589455,
        "y": 1.5033792998813005
    },
    "double_bed_0": {
        "x": 0.018970277013189422,
        "y": 1.4048237392316039
    },
    "floor_lamp_0": {
        "x": 1.9473259256708766,
        "y": 2.126242090236093
    },
    "guitar_0": {
        "x": 2.5820976294591635,
        "y": 0.3410097699495938
    },
    "guitar_1": {
        "x": -2.7211920789969612,
        "y": 0.7021587962047601
    },
    "military_box_0": {
        "x": -2.0759342080434706,
        "y": 2.2973383934630935
    },
    "small_cloth_bag_0": {
        "x": 1.9722621294493823,
        "y": 2.228864933662857
    },
    "tall_bookshelf_0": {
        "x": -2.0208023077800785,
        "y": 2.269644904243829
    },
    "tall_storage_cabinet_0": {
        "x": -2.4014198717174304,
        "y": 1.212190998582037
    },
    "vase_0": {
        "x": -2.2827389025625946,
        "y": 2.3194752534168503
    },
    "vase_1": {
        "x": -1.7332421791488433,
        "y": 2.1693486303974696
    },
    "vent_components_0": {
        "x": -2.385272159144317,
        "y": 2.3973401829759697
    },
    "vintage_television_0": {
        "x": 2.6272478565262625,
        "y": 1.0093089882908566
    },
    "wall_frame_0": {
        "x": 2.67431484087944,
        "y": 1.3672255306216803
    }
}